username,display_name,post_content,post_date,bio,matched_keyword,gemini_account_type_result,human_account_type_result,gemini_user_status_label,human_user_status_label
mai.airy,閻琋,"憂鬱症自殺死掉的人不是自殺，
他們是病死的。",2025-10-10 05:59:00,"「𝑌𝑜𝑢’𝑟𝑒 𝑚𝑦 𝑑𝑒𝑠𝑡𝑖𝑛𝑦…🍁」
𝑀𝑦 𝑑𝑒𝑎𝑟𝑒𝑠𝑡,𝐼’𝑙𝑙 𝑙𝑜𝑣𝑒 𝑦𝑜𝑢 𝑓𝑜𝑟𝑒𝑣𝑒𝑟.
𝑇ℎ𝑜𝑢𝑔ℎ 𝑝𝑎𝑠𝑠 𝑙𝑖𝑣𝑒𝑠,𝑝𝑟𝑒𝑠𝑒𝑛𝑡 𝑚𝑜𝑚𝑒𝑛𝑡𝑠,𝑝𝑎𝑟𝑎𝑙𝑙𝑒𝑙 𝑢𝑛𝑖𝑣𝑒𝑟𝑠𝑒 𝑎𝑛𝑑 the 𝑓𝑢𝑡𝑢𝑟𝑒.
𝑌𝑜𝑢’𝑟𝑒 𝑎𝑙𝑙 𝑚𝑦 𝑑𝑒𝑠𝑖𝑟𝑒.",抑鬱症,not_enough_posts,,skipped,
kentf14,Lu Chia Ching,糟糕。。我的抑鬱症好像變嚴重了。,2026-02-01 07:30:00,"我是晴 請各位多多指教！
喜歡櫻花喜歡草莓喜歡楓葉的紅 喜歡溫柔善良的世界
最喜歡煉獄杏壽郎 ♡ 五條悟 ♡ 沖田總司 (浪人崛起+仁王3) ♡ 富岡義勇
最近的小說 是在寫新選組的沖田總司這位人物的~
你是未來所流的淚
希望大家喜歡^^ 即使沒有人看我的小說 我也會加油的!",抑鬱症,not_enough_posts,,skipped,
kentf14,Lu Chia Ching,"替羊編覺得不捨。。
他真的做得很好！！羊。。我們愛你",2026-01-31 22:27:00,"我是晴 請各位多多指教！
喜歡櫻花喜歡草莓喜歡楓葉的紅 喜歡溫柔善良的世界
最喜歡煉獄杏壽郎 ♡ 五條悟 ♡ 沖田總司 (浪人崛起+仁王3) ♡ 富岡義勇
最近的小說 是在寫新選組的沖田總司這位人物的~
你是未來所流的淚
希望大家喜歡^^ 即使沒有人看我的小說 我也會加油的!",抑鬱症,not_enough_posts,,skipped,
daily.1kee1,daily.1kee1,唔好意思 我要提醒自己 置頂置頂,2026-01-22 03:54:00,"戀愛腦重度患者
ᕱ⑅ᕱ ♡ ๋࣭ ⭑⚝‧₊˚ ✩
(๑•ᴗ• )づ__∧ ₊˚⊹ ˳
(つ　 /( •́‧̫•̀ ｡) ♡
しーＪ (nnノ) ⋆",抑鬱症,not_enough_posts,,skipped,
92570o,92570o,重度抑鬱症崩潰，好攰。希望有人為我打打氣。唔知啊，希望有人支撐住我生命。我好累⋯⋯了,2026-01-15 22:46:00,,抑鬱症,not_enough_posts,,skipped,
yun_90.08.17,芸芸•⩊• ྀིྀིྀིྀིྀི,"沒有人真的愛你 除非你頻臨死亡
重度憂鬱症患者",2025-05-04 09:48:00,"重度憂鬱症患者 重度焦慮症
輕度恐慌症 自律神經失調
每天告訴自己 又活了一天 妳很棒了💖",重度憂鬱症,not_enough_posts,,skipped,
xinyu_04.01,xinyu_04.01,"做了件很有意義的事
望你順遂 台灣 🙏
二二八事件",2025-02-28 13:33:00,憂鬱症日記／聽團／追星／電影,重度憂鬱症,not_enough_posts,,skipped,
usagiudon1022,usagiudon,"很讨厌那个叫liki的博主 粉丝也是睿智的不行 之前互联网上染柠檬黄的女孩全体被她粉丝围剿。她一边说不介意别人染这个发色学习她风格（其实本来就不是你专属）一边又话里话外引导粉丝说太多人染柠檬黄了自己下次一定要换发色。评论区发酵了也不管 直到粉丝开始和发了疯一样攻击别人了又来唱白脸说不要在别人下面提她 还记得她自己说有个明显参考了她风格的博主取关了她 说可能是被她粉丝烦到了希望以后不会有和这个博主合作的机会😂你到底是不是有精神分裂啊粉丝观感这么差还指望别人一直关注你 一直视奸别人也不回关直到别人取关了再把别人拖出来骂一顿 
我不介意女孩们参考我的风格✅
学我不关注我❌",2026-02-01 19:46:00,讨厌土人 看到我的个签如果感到刺痛就先去审美积积❤️,精神分裂,not_enough_posts,,skipped,
usagiudon1022,usagiudon,有些人就是要一边骂吃到互联网这口饭的人一边又要时时刻刻关注自己脆的粉丝量,2026-02-01 19:35:00,讨厌土人 看到我的个签如果感到刺痛就先去审美积积❤️,精神分裂,not_enough_posts,,skipped,
justiceforalanyu911,唯一白月光于朦胧,精神分裂的林嘉惠（凛北川），前面在QQ群死不承认自己是林嘉惠，后面转头就去b站实名举报别人的视频。长得挫也就算了，满口谎话什么鬼，妥妥的一个满口谎话的土肥圆。,2026-01-31 23:17:00,"奔四普通人，这辈子从来没有追过星。
人要对生命有敬畏之心，我做不到视而不见……
让我们一起努力，为生命呐喊、为人权呐喊！！！",精神分裂,non_life,,skipped,
justiceforalanyu911,唯一白月光于朦胧,用乳名还是艺名的朝阳分局，发了一篇极其不规范的警情通报，糊弄大众。,2026-01-31 18:45:00,"奔四普通人，这辈子从来没有追过星。
人要对生命有敬畏之心，我做不到视而不见……
让我们一起努力，为生命呐喊、为人权呐喊！！！",精神分裂,non_life,,skipped,
justiceforalanyu911,唯一白月光于朦胧,看看早期大家对这件事的质疑,2026-01-31 17:50:00,"奔四普通人，这辈子从来没有追过星。
人要对生命有敬畏之心，我做不到视而不见……
让我们一起努力，为生命呐喊、为人权呐喊！！！",精神分裂,non_life,,skipped,
minie_dream,問善堂𝕄𝕚𝕟𝕚𝕖_𝔻𝕣𝕖𝕒𝕞 法科｜命理｜可能係全港最top嘅法科師傅,"其實降頭並不能一了百了解決到所有問題，
雖然坊間不停推崇，降頭能令對方回頭，
但是情侶之間從來都是因為相處不合而分手，
如果不能解決相處之間的問題，
就算靠任何外力維持關係，
經營到後面都會出現同樣問題分手。
所以使用降頭復合，並不是一個理知之選，
做得好，當然可以在一起，但問題依舊解決不了。
做不好，姻緣線斷了，對方只會永遠遠離你。
連緣份都消失，談何復合？
—————————————
如果有緣份的你 遇上以上問題
記得dm咨詢凝師父
復合真的有很多種方法 
要搵一個專家懂得幫你地一條龍服務
由分析情況➡️教導改善相處溝通問題➡️針對性做儀式➡️提供情感支持➡️教導回覆對答➡️分析對方所想➡️計算吉時吉日支援➡️提供方法鼓勵客人復合
全部都係一手包辦 並不像坊間收費後會拉黑人
全部由師父親自跟進 不會外判
現設門市咨詢 更有拜月老服務 一條龍幫助復合
❤️❤️❤️記得DM凝師傅 查詢清楚情況❤️❤️❤️",2025-11-21 16:04:00,"問善堂 Since 2014｜專解疑難雜症
大量實例｜專欄分享
特設一條龍服務 售後跟進
問事→儀式→情感支援→跟進對答
流年問事｜奇門問事｜月老復合｜超渡改運｜通靈驅邪
解降消災｜五路運財｜氣運咨詢｜家居化煞｜前世回溯
誠迎上門/致電求助
📲：97267446
📍：粉嶺和隆街22號後鋪",精神分裂,not_enough_posts,,skipped,
minie_dream,問善堂𝕄𝕚𝕟𝕚𝕖_𝔻𝕣𝕖𝕒𝕞 法科｜命理｜可能係全港最top嘅法科師傅,"中情降者會出現以下四個特徵 part2
—————————————————
3.降頭力度隨時間下降，中降數星期到數個月後，被下降者會變得精神恍惚，
自身的感受和理性開始會沖擊自已。
對方如果無續降頭，就會變得像精神分裂般
不停地想著到底對方是否愛我，
但會思考，到底他以前怎怎對我(清醒回憶) 
抱著懷疑的心態地1516中
但凡對方又再下降頭，就會變回1,2的狀態
4.當對方沒有續降頭，被下降者會回復理智。
變成極度痛恨對方，甚至不想再見到對方。
從此直接斷聯，造成姻緣線斷裂，日後再沒有緣份維持關係。
被下降者會正式察覺，覺得自己之前好像瘋了， 
自身的理智全消失，
做的行為與自己完全相反，
覺得自己在下降期間並不是真正「愛上」對方。
——————————————",2025-11-21 16:04:00,"問善堂 Since 2014｜專解疑難雜症
大量實例｜專欄分享
特設一條龍服務 售後跟進
問事→儀式→情感支援→跟進對答
流年問事｜奇門問事｜月老復合｜超渡改運｜通靈驅邪
解降消災｜五路運財｜氣運咨詢｜家居化煞｜前世回溯
誠迎上門/致電求助
📲：97267446
📍：粉嶺和隆街22號後鋪",精神分裂,not_enough_posts,,skipped,
sheep_stocknote,小綿羊的投資筆記,"有時候都覺得股市一堆精神分裂者
設定目標價卻ㄧ直賣不停
係勒靠哦🤨",2026-01-28 21:09:00,"📈純分享投資記事
📉珍惜生命 遠離當沖
📉無推薦買賣 盈虧自負",精神分裂,not_enough_posts,,skipped,
yyyyyyyin_g,"╮(￣▽￣"""")╭",精神分裂先去看医生,2026-01-13 13:45:00,别惹我,精神分裂,pass,,non_depression_risk_user,
yyyyyyyin_g,"╮(￣▽￣"""")╭",🥱🥱🥱,2026-01-13 13:27:00,别惹我,精神分裂,pass,,non_depression_risk_user,
yyyyyyyin_g,"╮(￣▽￣"""")╭",😌😌😌,2026-01-12 13:14:00,别惹我,精神分裂,pass,,non_depression_risk_user,
yyyyyyyin_g,"╮(￣▽￣"""")╭",让我们祝美乐蒂0118生日快乐🎂,2026-01-07 12:10:00,别惹我,精神分裂,pass,,non_depression_risk_user,
lgg4.o3._.ll,lgg4.o3._.ll,"欸 產後憂鬱怎麼可能會好
只不過是讓自己看起來很開心不要讓別人擔心而已
那黑暗的日子
光用想的就發抖
不可能會好的",2026-01-06 09:46:00,"育：大小姐一位與灰色吐司一隻
主要曬嬰與貓，偶爾出現父母。",產後憂鬱,not_enough_posts,,skipped,
lgg4.o3._.ll,lgg4.o3._.ll,"8年了
我也不曉得怎麼會把貓養成海豹🦭🙂‍↔️
還是要平安健康陪我跟大小姐唷🥺❤️",2026-01-01 22:58:00,"育：大小姐一位與灰色吐司一隻
主要曬嬰與貓，偶爾出現父母。",產後憂鬱,not_enough_posts,,skipped,
14.xux_,.,"對不起
我有跟亞洲父母講話就有躁鬱症的毛病",2025-10-24 23:16:00,小帳就是要拿來發瘋😆,躁鬱症,not_enough_posts,,skipped,
shiro.997321,しろ,"大家好 我114/1/16開始看身心科
確診憂鬱症 伴有幻覺解離
114/12/18確診躁鬱症 伴有幻覺解離
住院*2
急診*5
可能會很負面 紀錄看醫生的對話 或抒發心情
14歲 想交病友 歡迎交友",2026-01-07 19:40:00,"114/1/16 看身心科
114 1月確診中度憂鬱
114 12/18確診躁鬱症
14歲 國二生
幻聽 幻覺 解離 創傷反應",躁鬱症,not_enough_posts,,skipped,
xyg._.929_,L,"叫一個憂鬱症或躁鬱症的人開心一點
想開一點
無非就是像告訴一個癱瘓的人
你再努力一點 再用力一點就可以站起來了",2024-08-18 11:39:00,沒人認識我才敢發文🫶🏻,躁鬱症,not_enough_posts,,skipped,
jetmeng2580,猛猛&恩知,"重鬱症、躁鬱症、或是隨便雙向障礙，
都快把我壓倒了，想哭也哭不出來。",2026-01-27 04:17:00,我和我的玩具們@mengmengmengtw以前的我與乃依,躁鬱症,not_enough_posts,,skipped,
x015_0,x015_0,"聽到自己是躁鬱症 心裡沒感覺甚至還不相信醫生的話 
醫生說 你已經很嚴了
 我 什麼我很嚴重？
 醫生 對 你在躁鬱症裡已經算嚴重了。
我還可以領殘障手冊🫠
當下沒什麼感覺 也覺得怎麼可能我是躁鬱症那麼嚴重 但確實吃了醫生開的藥我的症狀好很多情緒起伏也不會再那麼大 我也成功出來找月薪的工作了 但什麼時候會發作我不知道。
我也分手了 剩我自己一個人 分手了我很開心是一個放鬆的感覺是我太依賴他 以為他能拯救我所有的情緒 可是沒辦法。
但這樣更想讓我一個人自立在外面生活給我爸媽看我想證明就算我生病 但我可以過的很好不想讓他們擔心 我不想永遠在他們過度的保護下長大 所以我寧願一個人自己在外面生活 
在打這篇的時候我的手抖到不行🙃
今年聖誕節上班然後一個人在家
給自己加油鼓勵唄",2025-12-25 18:59:00,噓,躁鬱症,not_enough_posts,,skipped,
x015_0,x015_0,想問問你們吃藥久了會不會沒辦法寫字🥺,2025-12-23 08:17:00,噓,躁鬱症,not_enough_posts,,skipped,
ppp.yann,ppp.yann,"之前去看了進擊的巨人劇場版
看到了很喜歡的一句話
大概意思是阿爾敏也曾想過為什麼要活著
但他在跟艾連他們賽跑時他覺得他可能就是為了那一刻而生的
那我覺得我就是為了能感受到這些世界的美好片段而生下來的
這可能就是《只要有任何一刻覺得活著真好，那整個人都很有意義》 的意思吧
同時我也很喜歡艾連說的
我們每個人生下來的那一刻就是自由的 
希望我以後也能繼續自由的去尋找那些能讓我當作活下來的意義的美好片段",2025-10-29 21:27:00,分享一些讓我覺得我就是為了這個瞬間活下來的片段,躁鬱症,not_enough_posts,,skipped,
asherasher6629,asherasher6629,"26歲開始自律神經失調、憂鬱症
今年27歲都快28歲了！加油啊！！！
一定要好起來啊！你可以的啊！你是最棒的欸！",2025-05-13 20:21:00,"hakuna matata
祝我天天開心
也祝您天天開心(˶‾᷄ ⁻̫ ‾᷅˵)",自律神經失調,not_enough_posts,,skipped,
aurora_ye888,Aurora,"我們這種病的人
最近的天氣
溫差太大
所以很多人都發作了
包括我
因為自律神經失調
簡單的事情
所以別人用一點的力氣
我們要用一百倍的力氣
所以不要怪我們自己
因為我們本來就生病了
每件事都要用一百倍的力氣
當然很快就沒力氣
就必須等力氣再恢復
但是很多人沒有辦法理解
我們自己是病人
我們自己理解
所以也不要自己再加壓力到自己身上
不是我們不能
只是我們這裡自律神經過度的保護機制
讓我們很累
這是我剛剛看我很信任的醫生告訴我的
我覺得我有被同理到
希望也有人可以被同理
而不會那麼難受",2026-01-21 17:31:00,6隻毛孩的家長,自律神經失調,not_enough_posts,,skipped,
luna841104,崔郁文,"精神疾患 
今天發生台中捷運隨機砍人案
看到新聞指出犯人「疑似」有精神病史
留言馬上出現圍剿精神病的論戰
這邊想做個平衡報導🙏
-
以前在精神科門診見習時
看到一個罹患思覺失調症的60多歲男子
從年輕開始幻聽、腦中很多辱罵言語、讓他情緒崩潰
他曾有過一段婚姻，生了三個女兒
但因為反覆發病，妻子也離開他了
於是他挑起養家的責任，在夜市賣花
他出門都戴著口罩，避免被人看到他對空氣講話
-
他在門診追蹤2.30年，一向對藥物都沒有意見
直到那一天他主動開口
「醫師，可不可以把我的藥調重一點」
「為什麼呢？」
「我女兒下個月要結婚了，她叫我不要在婚禮上丟臉⋯⋯我想跟正常人一樣」
-
他頭髮花白、手掌長了不少厚繭
這雙手靠著賣花，拉拔了三個女兒長大
我看到淚水在他佈滿皺紋的臉龐落下
讓我想起，電影《富都青年》有一句台詞
「你們都過得很好，我也想要和你們一樣，但我做不到⋯⋯ 我也想要改變我的人生，但我沒辦法，我沒有未來」
-
在我們批判精神病人的同時
或許每一個病人背後都有很長的故事
我們沒有走過他的路，無法體會他所受的苦
如果可以選擇，誰願意生來就不一樣呢🥹",2024-05-21 21:05:00,"🇹🇼 Taiwan
🎓 北一女｜中國醫
🥼 家醫科住院醫師｜Family Medicine Doctor",思覺失調,not_enough_posts,,skipped,
bipolar.disorder_seesaw,bipolar.disorder_seesaw,"情緒搖搖板 -- 躁鬱症全紀錄（28）
無形的壓力，實際的支援（1）
自仔仔發病以來，身邊的親戚朋友都議論紛紛，給我帶來了極大的壓力，感恩還有些人卻為我帶來了動力和支援，大致可以分為以下四類：
📌  指責型
🔹梗係你逼佢讀書啦！
🔹你哋一向太保護佢，寵壞咗佢喇！
🔹你哋成日俾佢上網睇手機，睇得太多囉！
📌  扮專家型
🔹你應該同佢轉校！
🔹你老公應該辭咗份工，陪佢去外國讀書！
🔹你哋做家長嘅，應該帶領下，唔可以由得佢自己決定嘅！
🔹你哋必須找出病因，咁先可以防止復發！
🔹嘩！你咁快就plan定三個月後嘅事？你都好似有焦慮症喎，你去做下評估啦！
🔹你個仔好似唔係焦慮症喎，似思覺失調多啲！
📌  支援型
📌  默默守護型
（因字數限制，下一篇再談）
#躁鬱症
#青少年情緒病
#情緒病
#精神病",2026-02-02 08:31:00,"仔仔自14歲確診⚡：
☘️躁鬱症    ☘️強迫症    ☘️自閉症
💜希望可以藉這個平台，讓更多人認識躁鬱症，並透過自己作為照顧者的親身經歷，給同路人一點支持、一點鼓勵🩷",思覺失調,pass,,non_depression_risk_user,
bipolar.disorder_seesaw,bipolar.disorder_seesaw,"情緒搖搖板 -- 躁鬱症全紀錄（27）
談病徵（2）：「鬱」 就是抑鬱吧！
續談躁鬱症的病徵。「鬱」會比較易理解，跟抑鬱症的病徵大致相同。
😕  情緒持續低落，間中會哭起來
😕  缺乏工作能力
仔仔原本讀書很自律，不用我幫忙。病發時連基本的功課也做不到，更遑論是溫書以應付測驗考試。
😕  社交退縮
跟同學吃飯也不想，更不會接受同學/朋友的邀約。
😕  不修篇幅
仔仔原本是個整整齊齊的人。病發後，頭髮蓬鬆，吃飯後嘴巴弄污了也不會去清潔，甚至不想洗澡和刷牙。
😕  胃口欠佳
😕  經常感到疲倦，失眠或極度渴睡
😕  對事物失去興趣，感到悲觀絕望
仔仔原本很有動力去讀書，成績也很好。病發後不想讀書，甚至不想上學。以前很喜歡研究鐵路和列車、看地圖、留意時事，病發後對一切也失去興趣。
😕  自殺念頭
😕  坐立不安
仔仔有時會來回踱步、拉扯衣服......
#躁鬱症
#青少年情緒病
#情緒病
#精神病",2026-01-30 08:50:00,"仔仔自14歲確診⚡：
☘️躁鬱症    ☘️強迫症    ☘️自閉症
💜希望可以藉這個平台，讓更多人認識躁鬱症，並透過自己作為照顧者的親身經歷，給同路人一點支持、一點鼓勵🩷",思覺失調,pass,,non_depression_risk_user,
bipolar.disorder_seesaw,bipolar.disorder_seesaw,"情緒搖搖板 -- 躁鬱症全紀錄（26）
談病徵(1)：「躁」=發脾氣？
「躁鬱症」很複雜，既暴躁又抑鬱，兩者可以分期出現，也可在同一時期出現。這病不單純是心理病，也是生理病，病人會日夜顛倒，晚上精力充沛。精神科醫生C以「亂」來概括這個病。
「躁」不是發脾氣這麼簡單。以下是「躁J的病徵，附以仔仔的例子作解釋。
😡  精力充沛
晚上可以不停上網，直至凌晨四時許才去睡，六時許又起身上學。
😡  喋喋不休、語速極快
一個話題未說完，就開另一個話題，話題之間全無關係。剛談到暗戀的對象，卻又把話題扯到去旅行、買東西、之後突然又講下時事/學校所見所聞
😡  情緒高漲，極易被惹怒
小小不滿，就說粗口，甚至動手打人
😡  狂妄自大
經常說「自己好叻」，話一定考到全級頭十
😡  滿腦子新主義
要去北韓旅行、要買一部小巴、移民......
😡  容易衝動
一向不敢玩的機動遊戲或攀爬活動，竟然都衝着去做。駕單車亂衝亂撞、亂過馬路。
😡  胡亂花費
要買名牌，又曾試過不停上網申請八達通Mastercard，又裝Shopback App，不斷逼我們裝，唔裝就蝕底
😡  性慾增強",2026-01-28 10:22:00,"仔仔自14歲確診⚡：
☘️躁鬱症    ☘️強迫症    ☘️自閉症
💜希望可以藉這個平台，讓更多人認識躁鬱症，並透過自己作為照顧者的親身經歷，給同路人一點支持、一點鼓勵🩷",思覺失調,pass,,non_depression_risk_user,
bipolar.disorder_seesaw,bipolar.disorder_seesaw,"情緒搖搖板 -- 躁鬱症全紀錄（25）
談欺凌 （2）
第二部分：「你點樣欺凌佢？」
網頁內的欺凌者是用各種網絡手段去欺凌對方。仔仔以住也受過網絡欺凌，被人公審、被公開投票、然後被踢出谷。
在學校也遇過不少欺凌。為免被記缺點甚或踢出校，欺凌者一般很少使用暴力，而是使用一些可能比暴力更可怕的方法。
🗣️ 在校園內不斷叫你個名，然後突然消失，令你無法知道是誰在戲弄你。
🗣️ 小事化大，不斷投訴你，直至你被學校處分。
🗣️ 抹黑你，然後快速散播謠言。
🗣️ 攪小圈子孤立你。
🗣️ 分組功課，分最難做的部分給你做。
網頁還有其他關於欺凌的資訊，大家可以參考一下。最後一句很發人深省：
自己唔去諗後果，唔等於自己嘅行為冇後果
youthcan.hk/zh-hk…",2026-01-25 18:38:00,"仔仔自14歲確診⚡：
☘️躁鬱症    ☘️強迫症    ☘️自閉症
💜希望可以藉這個平台，讓更多人認識躁鬱症，並透過自己作為照顧者的親身經歷，給同路人一點支持、一點鼓勵🩷",思覺失調,pass,,non_depression_risk_user,
mentholyang,Hallelujah  Yang 楊天祐,"親愛的耶穌
請醫治好我思覺失調症的正負性症狀",2026-01-08 10:25:00,快樂的姐姐,思覺失調,not_enough_posts,,skipped,
kevin19920311,Kevin,"一位課輔老師的小故事
我出生時因為媽媽吸毒，所以有智力低下，而且準備被賣掉，因為台北來的夫婦覺得太貴了而離開⋯
長大後有閱讀理解障礙，以及言語措辭障礙，到了國中還說不太出有邏輯性的話⋯⋯，家裡也很窮，所以17歲做工作，第一份工作是賣場美食街，我覺得很累想逃離，但看到別人領薪水時有好多錢，我從來都沒看過那麼多錢，所以努力堅持繼續留下來工作到當兵。
因為只有國中畢業，身為店長的阿姨就栽培我讀高職，但最後被霸凌及精神疾病而關在家裡四五年足不出戶，最後精神病發作被強制送醫治療多年，我真的以為人生就這樣了⋯⋯當年⋯我不過25歲左右⋯
長大後離開原有的舒適圈，也認識了曾身為老師的另一半，帶我讀完剩下的高職，甚至讀了大學，最後也因為他，我在高雄開黑金剛咖喱店，至今近五年多（可以google 找到我的店）我讀了正修科大師培並順利畢業，現在大四餐飲科夜校，準備讀高科大日文研究所與高師大教育學系碩士（資料備審中），以及明年大學畢業考教檢（現在是老師，教哲學與心理學效應在生活中的應用，只是還沒考證而已）
今年⋯我33歲了，我要告訴我的學生我的故事，即使像老師我這樣不公平的人生開局，只要努力，一定可以出頭！",2025-12-17 16:29:00,"🌈在高雄黑金剛咖哩店努力學習中的小小廚師（老闆）與中學端課輔老師
跆拳道、書法、古琴新手
目前以教檢、日檢N2為目標
人生苦短 僅僅花火一瞬
不如把握當下 燃盡火花一生
人生は短く、まるで一瞬の花火。
ならば、今を抱きしめ、一生を燃やし尽くそう！",思覺失調,not_enough_posts,,skipped,
yi_chen0691,怡臣,"欸不是
不理解憂鬱症、躁鬱症、思覺失調這些心理疾病，可以去Google 一下
不要上來就說，現在年輕人就是不行，這樣都扛不住
啊你不就很會？都給你扛都給你扛🙄",2025-09-16 01:15:00,,思覺失調,not_enough_posts,,skipped,
sherry.hsuan,Sherry,"今天從台北101搭紅線捷運到台北車站
突然焦慮恐慌發作
在大安站時緊急吞了顆緊急用藥
但狀況還沒有改善 全身開始抖
尤其是雙手不自覺一直發抖
反而覺得吸不太到空氣
很努力的腹式呼吸想讓自己平靜下來
我詢問隔壁的小姐她到哪一站
她回我是士林
我開口詢問：「不好意思，我焦慮恐慌有點發作 我剛剛有吞緊急用藥，現在比較緊張 可以借我抓妳的袖子嗎？」
她馬上回我「可以沒問題」
之後她不再滑手機可能在觀察我的狀況
看到我手抖成那樣，她詢問有沒有需要幫忙什麼
我說「先這樣就可以了 真的很謝謝你」
最後這位姐姐在台北車站跟我一起下車
陪我上樓到出閘口
還不忘跟我說如果還是不舒服，記得要請其他人幫忙
真的很感謝那位小姐對我伸出援手🥹
過一段時間比較平靜之後忍不住流了眼淚
關關難過關關過
焦慮恐慌這關怎麼這麼難過
到底什麼時候才能結束😣
一年多了 每次發病完就會陷入低潮
我希望我可以越來越好
焦慮症發作",2025-01-16 18:24:00,"Don't be a woman that needs a man. 
Be a woman a man needs.",恐慌症,not_enough_posts,,skipped,
playplay5726,Nina,"焦慮症真的是一種病
發病的時候，我們根本控制不了
才不是什麼想太多🥲
每次發病都會胸悶、頭暈、呼吸不順、心悸
有時還會有莫名的恐慌感
是因為發病不舒服，才會害怕
不是想太多害怕才發病好嗎⋯⋯
變得越來越不想交際
很多事情都沒興趣也不想做
完全沒有動力
只想躲到一個完全沒有人的地方",2026-01-15 22:40:00,"我想躲起來
躲到一個完全沒有人認識我的地方",恐慌症,not_enough_posts,,skipped,
celestialway_,🐝,"一直很好奇一個問題
如果一個人裝憂鬱還是裝躁鬱
事前已經看過很多資料 想跟醫生碟對碟 然後去掛了身心科
所以知道要怎麼說 怎麼表現出有那些症狀
結果真的醫生診斷出來有憂鬱症有躁鬱症
那到底那個人是真的有問題還是其實沒問題
那醫生的評斷標準真的只是靠對話來評斷嗎
拜託 好想知道 有人可以解答嗎
憂鬱症",2025-04-02 17:03:00,,抗憂鬱藥,not_enough_posts,,skipped,
behappy.meow25,柚柚貓不憂鬱,"嗨！我是柚，一個躁鬱憂鬱恐慌患者
喜歡動漫 閱讀 畫畫 寫作 追星 貓
希望以圖文方式記錄小小的生活碎片
歡迎大家來找我聊天
除了圖文可能會出現bl同人 夢女作品大綱 靈感碎碎念等等 希望不要被突如其來的爆言嚇到",2026-01-24 01:16:00,寫詩的人,百憂解,not_enough_posts,,skipped,
kokeko0520,kokeko,"剛看到一名憂鬱症患者說 5 天沒睡覺
多年前，我爸剛從馬偕出院
從當晚開始，我連續 16 天沒睡覺
精神也沒異狀（沒吸毒）
跑了兩趟精神科，拿了兩種安眠藥
一樣無法入睡 。
第三趟，醫生給我須要簽字的安眠藥
我睡了 13 個鐘頭 . . .
印象中，聽說吃安眠藥會成癮？
會越吃越重，所以就不敢再吃了
四處打聽後
我選擇早上去做推拿與艾灸
下午去長庚做電針（微電針灸）
我很積極持續做了兩個多月
才逐步改善 。
分享有失眠困擾的你，我的經驗
僅供參考 。
任何疾病，還是建議先請教醫師 。",2026-01-31 02:31:00,"頭貼是貓，不表示我是貓
反之，換成女人不等於我是女人
純粹只是喜愛美的事物
但，如果哪天看見一個怪怪的男生
那肯定是我 - 亞利安星人
 -
對話採無痕模式，無關優劣喜惡
只是不想堆砌太多過去 . .
 -",安眠藥,pass,,low_depression_risk_user,
kokeko0520,kokeko,"今天，河道上只有兩個主軸
一個是 Alex Honnold 成功登頂 101
一個是 賈永婕 選台北市長
個人樂觀其成 。
賈永婕的優勢：
女性 - 台北市從未出現女性市長
省籍 - 外省籍卻沒有鮮明的色彩
背景 - 祖父輩皆有軍政相關背景
資歷 - 應該不必多說吧
年輕活力，大家有目共睹
膽識，這幾天各位應該已經領教過了
她能夠成功把 TAIPEI 101 行銷全世界
相信也能夠把 TAIWAN 推向國際舞台
強烈建議民進黨，徵召賈永婕董事長參選台北市長，賈董以無黨籍身份參選，相信能夠創造令人耳目一新的選舉氛圍，期待 。
我深信，賈董事長絕對不會像貪污的前市長一樣過河拆橋，更不會一邊踩飛輪一邊收錢 。",2026-01-25 19:07:00,"頭貼是貓，不表示我是貓
反之，換成女人不等於我是女人
純粹只是喜愛美的事物
但，如果哪天看見一個怪怪的男生
那肯定是我 - 亞利安星人
 -
對話採無痕模式，無關優劣喜惡
只是不想堆砌太多過去 . .
 -",安眠藥,pass,,low_depression_risk_user,
kokeko0520,kokeko,"賈永婕，行銷台灣，讓台灣被世界看見
蔣萬安，還在雙城論壇
由此可見一個人的 《 格局 》",2026-01-25 14:25:00,"頭貼是貓，不表示我是貓
反之，換成女人不等於我是女人
純粹只是喜愛美的事物
但，如果哪天看見一個怪怪的男生
那肯定是我 - 亞利安星人
 -
對話採無痕模式，無關優劣喜惡
只是不想堆砌太多過去 . .
 -",安眠藥,pass,,low_depression_risk_user,
kokeko0520,kokeko,"一個只花 91 分鐘征服全世界的男人 。
令人讚嘆！真的是帥呆了！",2026-01-25 12:56:00,"頭貼是貓，不表示我是貓
反之，換成女人不等於我是女人
純粹只是喜愛美的事物
但，如果哪天看見一個怪怪的男生
那肯定是我 - 亞利安星人
 -
對話採無痕模式，無關優劣喜惡
只是不想堆砌太多過去 . .
 -",安眠藥,pass,,low_depression_risk_user,
wenioi,💖,"整理房間找出一堆安眠藥跟控制心律的藥
讓我又想起前幾年自己都不知道為什麼突然失眠
每天行屍走肉一般硬撐完超過12小時的工作
失眠好些了之後又開始心律不整
其實至今連原因都搞不清楚
因為根本沒有時間看醫生
後來想想可能是壓力太大
但早在前幾年就已經把高壓當成常態所以當時無病識感
希望以後可以生活工作都平衡別再讓身體抗議了
這些也讓我想起當時很多好朋友聽到我失眠後
馬上支援我好多方法、💊、因為我沒時間看病還有去看醫生假裝他自己失眠然後把藥給我的姐姐⋯⋯⋯⋯
謝謝妳們以前都在，現在也都還在😻
你們真的是我人生的🌞",2026-01-31 23:13:00,開心就keep 不開心就delete,安眠藥,pass,,low_depression_risk_user,
wenioi,💖,"今年只要整理好我的衣服
我就會獎勵自己去義大利🇮🇹
（😻？）",2026-01-29 00:10:00,開心就keep 不開心就delete,安眠藥,pass,,low_depression_risk_user,
wenioi,💖,你好，我們也有爬101🇹🇼🇹🇼🇹🇼,2026-01-25 19:56:00,開心就keep 不開心就delete,安眠藥,pass,,low_depression_risk_user,
all_apple123,Daily 💗,"你什麼時候，真正感受到人生無常？
最後一面的前一天
媽媽因為免疫系統疾病
身體不舒服
好幾晚都睡不好
看了幾個醫生  指數都正常
因為她有呼吸中止症的症狀
我們特別尋問醫生
能不能吃安眠藥幫助睡眠
媽媽還開玩笑跟醫生說：
「他們都很怕我睡一睡就走了。」
醫生笑著回：
「不會啦，這個劑量不會。」
隔天
媽媽真的睡著離開了。
唯一讓人勉強能笑出來的是
她生前說過很多次
她不想變老  覺得老了很醜
她希望能在睡夢中離開人間
直接願望達成",2026-02-01 19:17:00,人生是一場修行 體驗喜怒哀樂悲歡離合,安眠藥,not_enough_posts,,skipped,
zhiyun_313,智筠,"沒吃安眠藥第三天
沒有6AM我是根本睡不著的
目前一樣 超亢奮精神很好…😭",2026-01-31 06:16:00,,安眠藥,not_enough_posts,,skipped,
hueyhmj,hueyhmj,"阿雲的夢想是當畫家，沒想到唯一一本畫作是用來當遺書的阿迷與阿水，最後一次和家人見面時，是在甘蔗田裡和妹妹勾勒著未來，妹妹問他那你呢，阿雲眼裡複雜的情緒一閃而過，想著要怎麼用妹妹能夠理解的言語才能讓她明白，最後阿雲沉睡在福馬林池裡，手上畫著的手錶仍有著對未來的期待。
大濛甘蔗田的那場戲可以看得曾敬驊的眼神很有戲，最初注意到的曾敬驊片段是平淡的訴說著自己在工人家庭的事，沒有太多情緒也沒有皺的眉頭表示寶寶心裡苦，因為真正心裡苦的人大部份不會說出來...
大濛拍攝地。台南岸內影視基地參觀之福馬林池場景
同場加映：前年台南人權月展出大濛道具展裡的勾阿雲的勾子和放阿雲的推車。",2026-02-01 15:15:00,"♋️生命太匆忙，笑看四季更迭的布魯塞爾漂流木🎧
謝謝不一樣的朋友們元気応援👾🤖👹👽",遺書,not_enough_posts,,skipped,
hueyhmj,hueyhmj,"大濛拍攝地。台南岸內影視基地參觀
主辦安排了五個NPC和遊客互動，都超會聊的~
來自四川的捏麵人、趙公道老北、在超大的太陽底下堅守崗位的三東人賣燒餅油條(後來工作人員有幫他換位子了)、雜貨店小公主的代班、追飛賊失敗只好拍他給捕捉到他的人的摳摳(謝謝可愛的底迪配合拍照)",2026-01-31 20:50:00,"♋️生命太匆忙，笑看四季更迭的布魯塞爾漂流木🎧
謝謝不一樣的朋友們元気応援👾🤖👹👽",遺書,not_enough_posts,,skipped,
ma_petit2277.tw,小隻女，遊大世界,"1980.4.18
遺書要寫給誰
「我的美麗島戰友 姚嘉文
可以寫給妻子 周清玉
林義雄也能振筆致書 太太 方素敏
而我卻不知
我的愛在何方
那一刻
讓我完全體認到
生命孤獨的本質」
-陳菊
這是花媽在美麗島事件軍法大審判中的最後陳述。
當時被以叛亂罪入獄的她們
在獄中的她們，始終想的都是台灣的民主不能停。
這是想讓我當她親人的菊媽～",2026-01-29 13:20:00,工作不自由，財富不自由，但用自由的心靈與雙腳四處遊歷旅行的社畜。,遺書,pass,,non_depression_risk_user,
ma_petit2277.tw,小隻女，遊大世界,"台灣的自由民主，若非當年的花媽她們的努力，台灣是沒有今天的。
那都是血淚犧牲來的。
那些自稱是我們「親人」的人，請你們離我家（台灣🇹🇼）遠一點！！！",2026-01-29 12:30:00,工作不自由，財富不自由，但用自由的心靈與雙腳四處遊歷旅行的社畜。,遺書,pass,,non_depression_risk_user,
ma_petit2277.tw,小隻女，遊大世界,"如果我在國外旅行時，有路人告訴我，他/她來過台灣，而且妳們台灣的101很厲害！
我真的會很開心！
我不會糾正他說那是台北101。
在烏茲別克碉堡中看到一個台灣的樣子。",2026-01-27 13:39:00,工作不自由，財富不自由，但用自由的心靈與雙腳四處遊歷旅行的社畜。,遺書,pass,,non_depression_risk_user,
ivanhe865,Ivan Ho,"日本專門做臨終關懷的護士將1,000位患者的臨終遺書整理成了一本書：
臨終前會後悔的25件事
其中前五名是：
1、沒有做自己想做的事情。
2、被情緒左右渡過一生。
3、大部份時間都用來工作。
4、沒能談一場永存於記憶中的戀愛。
5、沒能去想去的地方旅行。",2025-08-22 17:11:00,"There will always be things that force us to change in life, so we should thank those who stayed with us as we grow.",遺書,non_life,,skipped,
ivanhe865,Ivan Ho,"1. Be proactive. 
2. Begin with the end in mind. 
3. Put first thing first. 
4. Think win-win. 
5. Seek first to understand then to be understood. 
6. Synergize. 
7. Sharpen the saw. 
The seven habits of highly effective people.",2025-08-22 17:04:00,"There will always be things that force us to change in life, so we should thank those who stayed with us as we grow.",遺書,non_life,,skipped,
ivanhe865,Ivan Ho,"陪伴，是一種承接住對方狀態的過程，但也須為彼此設下界線。
若在陪伴的關係中，沒有界限的維護，則可能相互的侵犯或壓迫了對方的身心需求，造成更多的傷害。
「畫出界限」是，我知道我和你是不同的，我的感受與需求不會是你的感受與需求，因為我知道這樣的不同，所以我尊重與包容你所呈現出的模樣與狀態，但這不會干擾我，我仍知道自己的立場與角色，甚至是我的感覺與想法。",2025-08-21 11:21:00,"There will always be things that force us to change in life, so we should thank those who stayed with us as we grow.",遺書,non_life,,skipped,
jamie.cyuen,꒻ꁲꂵꂑꈼ,"我用咗1日寫咗個App ，即時火災警報通知。
目前有附近火警通知，大廈緊急通訊，大廈各層狀態報告，一鍵報平安、失蹤人口登記，留遺言功能。
如果你都唔想再見到今次嘅悲劇重演，呢個APP 可能幫你亦幫到人，如果你都想香港少啲悲劇。
留言話我知，等我有動力上架畀大家用",2025-11-30 19:44:00,,遺言,not_enough_posts,,skipped,
jamie.cyuen,꒻ꁲꂵꂑꈼ,"wangfukfire.com
整咗個平台for 搵住宿 同 提供住宿",2025-11-29 20:40:00,,遺言,not_enough_posts,,skipped,
hisob2020,這裡很無聊,"順利移轉到月子中心啦～
2026花的最值得的兩個東西
1.減痛分娩 2.月子中心 
By-妙妃
其實這兩天有點小小的狀況
一直在產房被照顧著，沒有移轉到一般病房
還好一切順利，也直接來新手村了
一到新手村直接睡一下午
月子中心真的太舒服啦～～～好爽啊
特別感謝中山醫產房、嬰兒室的護理師&醫師🥹
還有臻之月產後護理之家-親切的管家們&護理人員
真的整個鬆掉 睡趴
最後大大大感謝大家的祝福～～❤️",2026-01-27 20:07:00,一個YT頻道,分娩,pass,,non_depression_risk_user,
hisob2020,這裡很無聊,"週三應該會更新啦，因為片剪到一半了
但如果延更就只有一個原因～
感謝大家包涵啦～❤️",2026-01-25 18:12:00,一個YT頻道,分娩,pass,,non_depression_risk_user,
hisob2020,這裡很無聊,"音樂出來就笑了，韓國人真的很愛英雄本色欸
叼的是火柴不是牙籤
細節有做到 讚～～
冷知識（？
據說叼火柴當年是發哥自己加的設定，覺得這樣更瀟灑
但小馬熱血的像個炸彈，滿腔怒火；
嘴上一根火柴棒剛好是個絕佳的隱喻啊～",2026-01-21 18:55:00,一個YT頻道,分娩,pass,,non_depression_risk_user,
ivfnbeyond,ivfnbeyond,"生產紀錄：55小時催生、減痛分娩、全餐（上）
一開始是從從容容的，我提著自己的證件小包，先生拖著29”（他整理的🫶🏻）待產行李箱入院催生。
以為不過是藥打進去、一陣痛之後就會看到寶寶，結果想留點尊嚴（打無痛連上廁所都得在床上依靠老公），決定先進手術室放撐開子宮頸的水球，當下立刻後悔沒先打減痛針🥲
󠀠
雖然這麼說，減痛分娩的長針也是長得很嚇人。我拱起身體像煮熟的蝦子🦐緊拉著先生的手。明知醫生是用筆模擬戳我的背，還是反射性的動了一下，冷汗都要流出來了，幸虧後續扎針放導管都很順利。
󠀠
冰涼的麻醉藥劑沿著肩膀、背到脊椎流進身體中，雙腿逐漸無力麻痺，從此刻起「🈲止下床」，我的吃喝拉撒都要在床上了。
󠀠
對！包含拉撒！（強烈建議待產要選單人房）我以為我的尊嚴會跟穢物一樣被馬桶沖走，但先生在整理的過程中，態度自然沒有任何嫌棄，這就是真愛吧 ❤️
󠀠
不過先生這種生物就是：
已經叮嚀過點滴軟針在手腕上，還是在每次拉我坐起身的時候，大手都會不偏不倚地壓到🥲
󠀠
或者，在每次忍著陣痛發出「呃...」的時候，就會跑過來關心問怎麼了。痛得不行還要回答，就是痛不要再問了！
（待續）",2026-01-29 23:06:00,"36+ 高齡產婦
自體免疫患者
記錄與寶寶的各種大小事👶🏻",分娩,not_enough_posts,,skipped,
dhuka24,dhuka24,"霸凌者
明明就很怕別人霸凌自己那霸凌者幹嘛還霸凌別人",2025-10-07 16:33:00,,霸凌,not_enough_posts,,skipped,
dhuka24,dhuka24,"學校一定有一種人
到處說別人壞話 結果跟那個人玩特別好",2025-10-06 23:32:00,,霸凌,not_enough_posts,,skipped,
amanda_41341491,蔓達｜療癒溫罐師｜養生調理,"41 歲的我，
我提了離職。
不是因為工作太難，
而是主管的言語霸凌，讓我每天都快喘不過氣。
離開後的第一天，
心裡其實還是焦慮又茫然。
重新開始這件事，
比我想像中更難。
有沒有人跟我一樣，
是因為職場霸凌而離職的？
或能推薦轉職方向、學習技能？
真的有點慌，
但也想趁這段時間，
讓自己重新找回力量。",2025-11-06 12:21:00,"在餐飲業，看過太多被操壞的身體
靠著十幾年的按摩與被療癒經驗
陪你把亂掉的身體與健康養回來
✨接觸財商，才明白有錢才有餘裕照顧自己✨
🌿艾草溫罐｜🌟養肝排毒｜分享財商知識
📢 歡迎到IG預約艾草溫罐按摩和馬雅曆喔!!  😃",霸凌,not_enough_posts,,skipped,
zyyy__.90,zyyy__.90,我現在才知道原來霸凌者被霸凌竟然會哭,2025-11-21 23:36:00,,霸凌,not_enough_posts,,skipped,
ww._1125,師資生白白,"給想低調經營的人
我沒拍影片、也沒露臉，
光靠文字，短短不到一個月破百粉
以前我以為，低調的人沒辦法玩自媒體，
結果只是我不懂Threads的規則而已。
現在每天都有新粉追蹤，我只覺得：早知道就早點試了！
如果你也想低調經營、但又不知道怎麼開始，
私訊我「我想知道」。
我整理了一套方法，分享給懂的人。",2026-01-22 11:21:00,"斜槓短影音創業者
☺️☺️
活出自己的那道光
因為你不知道你會照亮誰的黑暗
『分享職場心法、創業故事、女生價值』
🖥️📝👰🏻‍♂️
讓你突破困境📈📈
找到更好的自己!
想了解如何改變現狀?
私訊我一起聊聊
開啟你的不一樣未來🙂‍↕️",霸凌,not_enough_posts,,skipped,
olive_o0123,Don't live,"明明被霸凌的是我，老師卻說
「你怎麼不想想你的問題」
🤡",2025-09-07 18:26:00,🫀,霸凌,not_enough_posts,,skipped,
stellalou__520,stellalou__520,"因為小孩被霸凌處理到自己快PTSD了⋯⋯
手一直抖無法控制，接下來是整個人顫抖。
今天開調和會，我真的沒辦法看著對方家長跟孩子。
我無法跟他們面對面交談，聽到對方講些狗屁倒灶的言詞我只想吐。
想到都會忍不住顫抖。
是我抗壓能力太弱嗎？
我真的很努力了，至少在孩子跟外人面前我都很堅強的撐著。
不管怎樣媽媽一定會保護你。",2025-02-06 13:36:00,,被欺負,not_enough_posts,,skipped,
betheadvocate_2019,✝️,"去年的今天發現自己被出軌。從一開始就是一個人努力的把破碎的信任撿回來，從來都不是對方來幫我。經歷了一年的情緒折磨，在最近被提要離婚。理由蝦到不行、不把我當人的回應、針對性的報復行為，讓我好不容易拼貼起來的信任又碎成一地。
♥️送給自己和正在努力撿碎片的你：
不用撿了。當初如果他很珍惜你，一開始就不會冷眼旁觀留你一人背負這樣的痛苦。就丟著吧！你對他的信任已經不是你需要去修復和保護的東西了。先好好幫為了撿回碎片而遍體鱗傷的自己療傷。
📖要記得，出軌是一種智商低於零的選擇。對於不用腦袋只用下半身思考的動物你講再多是沒用的。不用浪費時間。",2026-02-02 13:52:00,,被欺負,pass,,high_depression_risk_user,
betheadvocate_2019,✝️,"真的是鬼到不行的鬼故事。出軌背叛的人到底是要多冷血才會在還未離婚就刪除社交平台的婚姻軌跡和買新車慶祝？
真的不要逼我把所有恐怖事蹟講出來",2026-02-01 16:42:00,,被欺負,pass,,high_depression_risk_user,
betheadvocate_2019,✝️,剛剛正式結束一場維持一年多婚後背叛的掙扎期。雖然心裡知道離婚是唯一的選擇，因為對方沒有意願修補和改變且一直責怪自己，但在聽到對方說不愛了、累了、不想試了要離婚還是會很難過。原來自己還是沒有被堅定的選擇過。,2026-01-27 14:57:00,,被欺負,pass,,high_depression_risk_user,
betheadvocate_2019,✝️,"關於背叛創傷，我希望我知道的事2：
好像很多時候的難過是那種失落感，反而已經無關於自己被背叛的那些經過。那種打從身體裡面蔓延出來的悲傷和失落感常常會在一些開心的時刻席捲而來，佔據主位搶走光芒。那些好不容易可以和對方一起慶祝的時刻、機會和成就，現在只會留給自己。
療癒過程中，最困難的是要如何把已經成為習慣的「我們」轉化變成只屬於「自己」的。",2026-01-23 01:40:00,,被欺負,pass,,high_depression_risk_user,
ares_0324,𝑨𝑹𝑬𝑺翰,歡迎現在失業/待業蓋個樓，一起抱團取暖￼🥹,2026-01-21 09:35:00,擴大經營中,失業,not_enough_posts,,skipped,
wangmumu._,王木木,"當主管一點都不快樂
28 歲我升上了主管。薪水漲3成，帶一群團隊，每週直接對老闆做匯報。
剛升職的時候走路都有風，我也可以加入商業雜誌最愛寫的「30 歲成功人士」俱樂部了嗎？
幾個月之後，我發現：當主管，一點都不像雜誌寫的那樣風光。
主管會議太多，上班時間都在開會，工作只能帶回家做；
不只手上的專案要追進度，還要處理複雜的人際問題：
如何讓團隊吞下老闆突發奇想的隕石？
如何不著痕跡地點醒績效差的成員？
如何在老闆和團隊之間，當一塊稱職的夾心餅乾？
漸漸的，我的健康狀況越來越差：失眠、焦慮、情緒不穩、經常感冒，然後開始固定到身心科拿安眠藥。
那些最愛吹捧成功人士的商業雜誌，怎麼沒告訴我成為 30 歲成功人士的副作用啊？
後來，我被迫離開主管職、被迫離開公司，我才學到，原來以前的努力和風光，是可以被公司一筆勾銷的。
公司花一個月決定要不要錄取你，把你趕走只需要一天。
從此，我發誓再也不為別人賣命。人生還有比當主管更重要的事。
—
我是王木木
@wangmumu._
@wangmumu._
，我的新書《感謝失業，讓我成為更好的人》即將在5/8上市",2024-04-18 18:03:00,"我的書《感謝失業，讓我成為更好的人》
訂閱週一電子報（👇下方訂閱）",失業,not_enough_posts,,skipped,
wei1029yyy,A540巧虎,"可以請大家告訴我30歲後的人生還有沒有希望嗎？
已經30歲了…
目前單身兩年
一直在考慮到底要不要找新對象
因為工作場所很少異性
一般收入月入3萬元 還有救嗎 沒車沒房 沒負債",2026-01-19 10:50:00,,失業,not_enough_posts,,skipped,
hhheyyyooo_hiiiiiiii,🐥,"大家失業係點挨㗎。。。
日日係屋企好悶
出街又要洗錢
10月quit左全職
11月尾開始左part time1月頭無做(應該話間野唔比更)
宜家已經十幾日無做野
真係好悶🥲",2026-01-26 16:29:00,,失業,pass,,low_depression_risk_user,
hhheyyyooo_hiiiiiiii,🐥,"有無人有瞓得好嘅方法
日日瞓醒仲攰過未瞓
一係就直頭失眠4,5點先瞓到
十幾年喇
真係好辛苦",2026-01-24 15:23:00,,失業,pass,,low_depression_risk_user,
hhheyyyooo_hiiiiiiii,🐥,"宜家有無人會搞探靈㗎🫨🫨
其實好想join",2026-01-23 00:35:00,,失業,pass,,low_depression_risk_user,
lling___,ᴴᴵ 🙋🏻‍♀️,"澳打上半年，發現自己只要有工作機會都去嘗試看看！
留下我的工作足跡👣
① 公寓式房務人員 / Housekeeping
 ↳ 時薪高、節奏快、有機會撿到完好物資
② 連鎖壽司店員工 / Shushi roll maker
 ↳ 需久站、狂捲狂做壽司卷、可以吃壽司
③ Uber Eats外送員 / Delivery person
 ↳ 晚上吹風看夜景邊賺零用錢，找工過度好夥伴
④ 咖啡廳 / Kitchen hand
 ↳ 基本食物單字需熟記
⑤ 培根工廠 / Production worker
 ↳ 日復一日、低溫度工作環境，很好存錢的工作
⑥ 餐車前台 / FOH
 ↳ 有機會練習聽力和口說的工作，會建議要有車，因為擺攤的位置都不固定
⑦木工小工 / Construction sute
 ↳ 體力活、需耐得住高溫，但對工程有興趣，學到很多
下半年目前在墨爾本失業中⋯
#D239AU",2026-01-27 14:46:00,三っ•̀.̫•́)っ,失業,not_enough_posts,,skipped,
lling___,ᴴᴵ 🙋🏻‍♀️,移動墨爾本一週後，在快要被焦慮淹沒時，看到了極光⋯😭,2026-01-20 21:02:00,三っ•̀.̫•́)っ,失業,not_enough_posts,,skipped,
ccd_ibo,ccd 相機 攝影機 camera 維修租賃 愛寶買賣專業電器,"庫存現貨 相機，ccd真的沒有人要買？
破產！救命，慘兮兮",2026-02-01 02:31:00,"請看ig為主
大陸代購代收，相機買賣
不定時上新 請開啟小鈴鐺
(台灣各地可7-11貨到付款)
狀況 youtube 搜尋 愛寶買賣
保固七天
另有家電收購 出租",破產,business,,skipped,
ccd_ibo,ccd 相機 攝影機 camera 維修租賃 愛寶買賣專業電器,"Olympus u400 u300 4000元
Olympus c50 c60 4000元",2026-01-30 23:29:00,"請看ig為主
大陸代購代收，相機買賣
不定時上新 請開啟小鈴鐺
(台灣各地可7-11貨到付款)
狀況 youtube 搜尋 愛寶買賣
保固七天
另有家電收購 出租",破產,business,,skipped,
ccd_ibo,ccd 相機 攝影機 camera 維修租賃 愛寶買賣專業電器,"nikon p7800 11500元
nikon p7700 10000元
canon a610 $6000
【語言】中文英文
【保修】保固15日
【配件】電池 充電器 手繩
【功能外觀】正常品，機身使用痕跡，閃光燈及按鈕鍵功能正常，鏡片無塵無黴無刮痕，二手品勿當全新諮詢 謝謝
【出租 相機】售價+租金(售價5千以內=租1百，1萬以內=租2百)類推租三天起
【代購任何東西】需3成訂金(有100%要先私 物品有無與價格浮動)
【維修相機】請傳圖片文字敘述電洽
【收購電器換現金】請傳圖片文字敘述狀況電洽(自售最高價) 要賣高價建議自售
#olympus #CCD #相機 #攝影機 #台灣相機",2026-01-28 14:34:00,"請看ig為主
大陸代購代收，相機買賣
不定時上新 請開啟小鈴鐺
(台灣各地可7-11貨到付款)
狀況 youtube 搜尋 愛寶買賣
保固七天
另有家電收購 出租",破產,business,,skipped,
ccd_ibo,ccd 相機 攝影機 camera 維修租賃 愛寶買賣專業電器,Canon g10 9000元,2026-01-27 20:25:00,"請看ig為主
大陸代購代收，相機買賣
不定時上新 請開啟小鈴鐺
(台灣各地可7-11貨到付款)
狀況 youtube 搜尋 愛寶買賣
保固七天
另有家電收購 出租",破產,business,,skipped,
77weiyu_,🅦🅔🅘🅨🅤,"昨天半夜下手了！(被強迫的)
貴貴的 快要破產了🫠好心痛啊
最好是可以增加練等效率
不然把錢還我🫵🏻",2026-02-01 15:45:00,紀錄自己玩遊戲多瘋🤪,破產,pass,,non_depression_risk_user,
77weiyu_,🅦🅔🅘🅨🅤,"⭐️恭喜我自己150等⭐️
昨天打炎魔打到升等了
戰績還是0盔0母書…
革命尚未成功 同志還需努力💪🏼",2026-01-31 11:53:00,紀錄自己玩遊戲多瘋🤪,破產,pass,,non_depression_risk_user,
77weiyu_,🅦🅔🅘🅨🅤,"大家！炎魔打起來啊！
我的母書還能再少一個0的 對吧🤩再忍忍
(我就是打不到母書跟炎盔的 小廢廢)",2026-01-30 12:02:00,紀錄自己玩遊戲多瘋🤪,破產,pass,,non_depression_risk_user,
zhuangu7,Yuchi🥨,"125火毒練什麼比較快
現在還有人需要帶C%ㄇ
火流星丟到快破產🫨🫨🫨",2026-01-26 13:13:00,愛看動漫、收藏吉伊卡哇ㄉ女子🤍,破產,not_enough_posts,,skipped,
allen.hung.9,Allen Hung,"期末考前 約定好兩個都考第一名就買 原本想說絕對不可能 結果….
#失算了
#破產了
#吃土了
嗚…這個月誰要救濟我…",2026-02-01 20:31:00,,破產,not_enough_posts,,skipped,
allen.hung.9,Allen Hung,"距離上次聚會已經兩年多了
這些日子大家都各忙各的 
這次聚會也是喬了好久才喬出時間
感謝咱們 大頭家系統家居  BIG BOSS Design / 高雄廚具/系統櫃/室內居家設計 帥哥老闆的熱情邀約
新房真的很漂亮又舒適
希望下次聚會不要又那麼久
鐘暐翔
蔡騑仰
林坤賢
Landy Yang 魏存孝 就差你們兩個了",2026-01-24 23:00:00,,破產,not_enough_posts,,skipped,
lamball_wool,lamball_wool,"想找一個會玩楓之谷的男生朋友一起練功～
我是135主教🙋‍♀️I人，但熟了會開始亂講幹話請自行評估😂
最近終於成為主教了
只能說這職業根本是用水燒出來的 =^=
目前在神木村練等，練到經濟直接結据⸝⸝⸝ᵒ̴̶̷̥ ⌓ ᵒ̴̶̷̣̥̀⸝⸝⸝
水一買就快破產，主打一個玩到沒錢就退坑（？）
💸 有沒有主教技能書太多的QQ
💸 或是好野人願意贊助我一點水錢😆
我會帶著你的心意慢慢長大 ε(*´・∀・｀)зﾞ
底下留代碼，可以直接加好友一起玩～
聊天、打遊戲、一起窮都可以🤣",2026-01-27 02:22:00,"大I人 楓之谷日記
祭司緩慢長大中",破產,not_enough_posts,,skipped,
bugi.soul,島嶼火星人,"陽光女子合唱團中最有印象的就是
奶奶讓大家圍一個圈認識彼此，介紹自己
大部份入獄的原因：
男生破產不想養小孩打老婆
男生放高利貸強暴青少女
男生不願意承認自己的小孩是智障，然後外遇
🥱🚬🚬🚬",2026-01-24 01:18:00,🐕👶👱‍♀️👱‍♂️⛰️🌊,破產,pass,,non_depression_risk_user,
bugi.soul,島嶼火星人,"房客倒數退房14日
第二胎好像比較chill 一點",2026-01-21 14:07:00,🐕👶👱‍♀️👱‍♂️⛰️🌊,破產,pass,,non_depression_risk_user,
bugi.soul,島嶼火星人,🥰,2026-01-14 23:27:00,🐕👶👱‍♀️👱‍♂️⛰️🌊,破產,pass,,non_depression_risk_user,
happy_pippa_egg,小帕天天玩ꪔ̤̮,"天怒20一本就過꒰ᐢɞ̴̶̷ ·̫ ɞ̴̶̷ᐢ꒱
直接點滿然後破產哇哈哈哈",2026-01-23 19:55:00,"紀錄我的阿泰爾坐牢日常🍄
139主教🪄920
130槍手🔫3000
持續升等中⋯🦋( ՞. ̫.՞)ˊ˗",破產,not_enough_posts,,skipped,
y.c.du,🅴🆂🅼🅴,"水買下去就要破產了
最近在神木村練等練到經濟結据🫩",2026-01-26 19:10:00,,破產,pass,,non_depression_risk_user,
y.c.du,🅴🆂🅼🅴,"昨天放花木蘭神曲
很快就打到心臟
今天再放一次
沒多久就打到寒冰之書
再次感謝老祖宗🥹",2026-01-25 00:16:00,,破產,pass,,non_depression_risk_user,
y.c.du,🅴🆂🅼🅴,"打好久都打不到白狼的心臟
看到有人放花木蘭的老祖宗
沒多久就打到了
想說試試看
結果歌放第二遍 
還真的掉了…
感謝老祖宗🥹",2026-01-24 09:47:00,,破產,pass,,non_depression_risk_user,
fannyloklam,➰F A N · 패니🎐,"不得了 7-11😨
除了啤酒杯外 又突發上情人節新野 
但要$288😹😹😹再咁出法 準備買到破產 
不過好靚啊啊啊啊啊啊",2026-01-27 19:35:00,"fannee.crystal💛
.
SCSG | POLYU | SHTM | 🇭🇰
· Capricorn🐐",破產,not_enough_posts,,skipped,
_ouii_3,通通通通通撒吼,"為什麼現在新聞會覺得
學生想自殺是因為學業",2025-09-25 07:03:00,"ᅠᅠᅠ
ᅠᅠᅠ2026請讓我幸福
ᅠᅠᅠ",想自殺,not_enough_posts,,skipped,
audacity_.12,audacity_.12,"窒息的原生家庭
讓我學會了獨立",2026-01-28 20:55:00,"沒有流量的都會典藏
有喜歡的可以提供意見",原生家庭,pass,,non_depression_risk_user,
audacity_.12,audacity_.12,有遺憾的才是青春吧,2026-01-28 17:24:00,"沒有流量的都會典藏
有喜歡的可以提供意見",原生家庭,pass,,non_depression_risk_user,
audacity_.12,audacity_.12,"那個巨大的落差感
我們終究是回不去了",2026-01-28 17:21:00,"沒有流量的都會典藏
有喜歡的可以提供意見",原生家庭,pass,,non_depression_risk_user,
youu_o8,youu_o8,其實我並沒有被家裡人養的很好 原生家庭時好時壞讓我不知道怎麼辦,2026-01-14 23:31:00,,原生家庭,pass,,non_depression_risk_user,
youu_o8,youu_o8,我們也許會吵架 也許會沒有新鮮感也許會沒有話題也許會冷戰 但是我們既然走到了一起 我希望我們都好好對待這段感情 想和妳有很長的未來 想在妳不開心的時候陪在妳身邊 想妳也同樣愛我 想和妳一直在一起 希望妳不要拋棄我 我是真的喜歡妳 所以才會掉眼淚 不要欺騙我 不要敷衍我 我很愛胡思亂想 誰也沒有妳重要 我很會吃醋 我很喜歡說反話 要是妳的態度對我跟以前不一樣 我就會想一大堆有的沒的 晚上我還會偷偷掉眼淚,2026-01-14 23:15:00,,原生家庭,pass,,non_depression_risk_user,
youu_o8,youu_o8,我遇見了她 她很可愛很漂亮 但有時候笨笨的呆呆的內心是活潑開朗的 但只有我知道她是一個特別擰巴的人有時候也會沈默不語 不會將自己的想法表達出來 所以我出現了 我愛她的一切 我愛她的擰巴 她的性格 她的敏感多疑 我會好好珍惜她 守護她保護她 不讓她受傷害 我只希望這亂糟糟的生活放過她 她開心比對錯重要,2026-01-13 21:44:00,,原生家庭,pass,,non_depression_risk_user,
jianshichenchiku,減世塵ちく,"目前的直播專案「自由」是貧僧從『13年憂鬱症+家裡蹲』中，花費3年逐漸痊癒的「自我治療路徑」分享。
市面自我覺察課程價格不菲，患者即使支付得起，也是不願意花錢。
所以小僧正在整理我自己課程，並且免費放上網路供人參考。
這課程適合『學習能力強的華人』、『對心靈雞湯感到厭煩』、『不需要太多情緒價值的人』
學習路徑是，腦科學基礎 > 常見錯誤認知 > 常見腦部疾病 > 心理學研究分享 > 案例總結與分析。
預計大約2４堂課，一堂課2~6小時不等。
先學習知識、練習覺察，不評價自己、不改變生活。
1.理解腦系統運作
2.自我覺察
3.最後才談策略與行為調整
第１堂課「腦科學基礎」，這個月已經完成，並分四次直播結束(之後會重錄成影片)。
由於一個人運作辛苦，存款不足支撐，募集夥伴中，我需要以下的人手：
1.面對面學習，聽我授課並且分享看法（南部、男性優先，無償）
2.精華及影片剪輯（有償，可能不多）
3.真正的醫生或心理師，檢討課程內容準確性（無償）
貧僧是經濟系畢業，專長是電腦科學、個體經濟及佛學。
涉足專業之外，需要有人指證我的盲點和錯誤，或是一起學習。
歡迎私訊加入。",2026-01-20 10:34:00,"佛教法師的Vtuber
自學佛法，皈依二寶，皈依佛、皈依法。 
經濟系專業，前「引きこもり（家裡蹲）」，喜歡下廚。 
專案：《利己論：全體人類的算力提升指南》（撰寫中）
專案：《自由：奪回人生的掌控權》（youtube直播教學中）
Youtube搜尋：減世塵ちく",童年創傷,not_enough_posts,,skipped,
c.cccc69,c.cccc69,"妳說分手就分手
我花很久都走不出來",2026-01-26 16:05:00,噓我要偷偷發 反正她發現不了,分手,not_enough_posts,,skipped,
2788_1011,2788_1011,"邊界感
你以為的沒事，其實早已越界。兩個人借著朋友身分，偷偷享受著被異性陪伴的刺激，這種微妙的拉扯，本身就是背叛。
愛是自律，不是僥倖。真正乾淨的關係，不會躲在「朋友」這兩個字後面悄悄越界。
既然選擇了戀愛，就該自覺切斷所有曖昧的可能。頻繁聊天、事事分享，說白了，就是在貪戀新鮮感，沉醉被關注的優越感。
對伴侶最基本的尊重，就是主動遠離一切可能傷害信任的人和事。心有所屬的人，從不給自己越界的機會。",2025-12-08 13:15:00,,失戀,not_enough_posts,,skipped,
law9958.tw,小阿怡律師｜lawyer,"我有個當事人，美到不行
又瘦、又白、又有氣質，身材還高挑
是那種一走進來，大家都會安靜一下的美
結果她跟我分享，離婚時，前夫竟然對她說：
「妳離過婚、又生過兩個小孩，之後不會有人要」
我跟另外一位朋友坐在旁邊聽到，拳頭都握緊了
在現在這個世代
離婚、生過孩子，從來都不是貶值！
千萬、千萬不要被這種話給傷到",2026-01-30 16:46:00,"13+法律人丨台中律師/新竹律師｜貓奴🐈‍⬛｜“偶爾”變身酒精人的法律人🥃
✨預約法律諮詢請加官方Line👇",離婚,business,,skipped,
law9958.tw,小阿怡律師｜lawyer,"第一次⋯⋯真的是第一次⋯⋯
開完庭被不理性的對造堵在法院走廊
然後，他靠我好近😭
我完全不想聽他說什麼
只想￼趕快回頭找法警",2026-01-28 11:15:00,"13+法律人丨台中律師/新竹律師｜貓奴🐈‍⬛｜“偶爾”變身酒精人的法律人🥃
✨預約法律諮詢請加官方Line👇",離婚,business,,skipped,
law9958.tw,小阿怡律師｜lawyer,太厲害了,2026-01-25 10:54:00,"13+法律人丨台中律師/新竹律師｜貓奴🐈‍⬛｜“偶爾”變身酒精人的法律人🥃
✨預約法律諮詢請加官方Line👇",離婚,business,,skipped,
law9958.tw,小阿怡律師｜lawyer,"有人看到這則￼新聞了嗎？
￼當年通姦罪要被廢掉時，法律界前輩都說透過民事求償￼就好
想不到現在陸續出現幾則￼判決，連民事賠償都不給原告
若是你被出軌，你可以接受連賠償都拿不到嗎？
￼
ettoday.net/news…",2026-01-20 18:31:00,"13+法律人丨台中律師/新竹律師｜貓奴🐈‍⬛｜“偶爾”變身酒精人的法律人🥃
✨預約法律諮詢請加官方Line👇",離婚,business,,skipped,
pinpin0331,pinpin0331,"我離婚了 我離婚了 我離婚了。
太開心了。
不用再去婆家過年。
有自己的房子。
小孩我是主要照顧者。 太開心了。
謝謝神明保佑🙏 天主保佑 🙏
（今天調節前 有認真祈禱🙏） 
感謝親朋好友的幫忙
真的好開心",2026-01-23 12:15:00,,離婚,not_enough_posts,,skipped,
pinpin0331,pinpin0331,想請問，單親媽媽，住台北。想使用大眾運輸工具出遊（不會開車） 小孩小一。 有建議去那裡嗎？ 想要兩天一夜之類的。,2026-01-12 19:31:00,,離婚,not_enough_posts,,skipped,
evalikeyou,宛諭,"今天我離婚☺️
這9年的婚姻生活，經歷了酸甜苦辣，感情終究最後還是被生活瑣事磨光了。
我們是好聚好散，是兒子們的爸媽，也還是朋友。
接下來就是一個媽媽帶兩個寶的新生活了😊",2026-01-21 18:03:00,"🏠台灣Taiwan🇹🇼/台北Taipei
♋️1991/07/19
👩🏻一個媽帶兩個寶👦🏻👦🏻
🧶Crochet / 🎬Movie & Drama / 🏋🏻‍♀️Gym 
🎮Diablo / Hearthstone / TFT
⚠️小心拍打餵食⚠️",離婚,not_enough_posts,,skipped,
goldcow2024,goldcow2024,我用四天的時間完成離婚、找房子和搬完家了！,2025-11-06 16:00:00,,離婚,not_enough_posts,,skipped,
meimeitsy,美姐。舒心美姸,"妳的懂事，我們看見了。
為了家、為了工作、為了每個人的妳，
是時候也為自己準備一點好東西。
讓身體感受到妳的愛，也是一種療癒。
→ 看見妳的溫柔力量
tsytsy.com",2025-05-12 19:29:00,"用溫柔的洞察
陪女人活成自己💃🏻",離婚,not_enough_posts,,skipped,
chao_lian_lee,Chao Lian Lee,"2011年1月9日，哥哥主動脈剝離走了，過了半年，爸爸也走了，他是在家𥚃上下樓梯，不慎摔倒，死於腦溢血，爸爸最後走的時刻，面容安詳
之後整理爸爸遺物，發現他日記中寫著「 … 自己命苦，人生三個大不幸，幼年喪父，中年喪偶，晚年喪子，自己就經歷兩個大不幸，8歲死了父親，80歲死了長子 …」，這些字有被水暈開的痕跡，應該是爸爸的淚水，他一邊哭一邊寫
2021年5月4日，媽媽癌末走了，醫生說媽媽是有福氣的人，癌末最後幾個月，陷入昏迷，沒有意識，不會感覺椎心的病痛，媽媽最後走的時刻，面容安詳
媽媽後事辦完，自己身體開始不適，常常胸悶和後背神經性痛，晚上難以入睡，去醫院檢查發現罹患急性膽囊炎、膽管炎、膽結石，醫生要求緊急住院，三個月動了三個手術，慶幸手術順利，恢復良好，感謝台灣優秀辛勞的醫護人員
經歷家人離世、手術創傷半年後，透過閱讀、運動、靜思，心情逐漸走出陰霾，生活步入正常，想好好告訴自己的是：逝者已逝，心無罣礙，活著的人，請好好活著，生死兩相安",2025-03-04 20:23:00,"男，1971年11月，台灣中壢出生
當我擁抱著自己，世界就擁抱著我
當我對自己微笑，世界也對我微笑",喪偶,not_enough_posts,,skipped,
vito_0130,劉謦瑋,"玖壹壹真的是一條龍產業：
結婚：嫁給我吧
離婚：沒你我沒差
複合：回來我身邊
吃飯：甕仔雞
喪偶：下輩子
出門：做你的格
失戀：你不愛我
發誓：一生只督你一人
暈船：癡情玫瑰花
按摩：明天再擱來
求婚：男子漢的浪漫
離鄉：再會中港路
煮飯：愛的總舖師
道別：最後的拍歹勢
旅遊：9453
喝酒：吼搭啦
醉了：凍末條
跑趴：打鐵
離鄉：再會中港路
表白：母湯對我say no
北上：鄉下來的
撒幣：土豪情歌
約妹：做你的格
刺青：刺到整身軀
在家：過來我家坐
掛了：極樂世界",2026-01-07 12:50:00,簡簡單單過生活,喪偶,not_enough_posts,,skipped,
vito_0130,劉謦瑋,"第一次漫步在自己住的城市中，一路從國華街頭走到尾
踏入永樂市場二樓的同時，彷彿時光都被凍結在過去
忽然又看到一間不錯的喫茶店 
點了杯奶茶 ，坐下來～與友人訴說生活的趣事
消磨著假日閒暇的時間 然後思考人生的下一步棋該怎麼走
這種悠然的感覺，好像也不賴
2026年1月1日 元旦  祝大家新年快樂、馬到成功",2026-01-01 22:22:00,簡簡單單過生活,喪偶,not_enough_posts,,skipped,
cathylu0114,呂沂璇,"在摯親離世不久的那段日子裡，
有一天我邊工作邊哭，
實在受不了自己這樣的情緒，
討厭自己無法振作、無法專注，
忍不住問一位已經失去親人十年的同事：
「請問什麼時候才會好起來呢？」
「你花了多久時間走出來？」
他眼眶泛紅地說：
「其實⋯不會好。我爸走了十年了，我想到他還是會哭。
往後的日子裡，你只能逼自己堅強，才能繼續往前走。」
後來日復一日地過，我才真正明白——
他說的是真的。
真的沒有什麼「走出來」，也沒有「遺忘」這件事。
快兩年了，
有些沒經歷過失去的親友好意問我：
「你走出來了嗎？」
或覺得：「都過那麼久了，怎麼還會那麼難過？」
但我想說的是：
摯親的離開，是一輩子都好不了的傷。
有人這麼形容：
「親人的離去不是一場暴雨，而是一生的潮濕。」
真的只有經歷過的人，才懂。
這不是一場會過去的風雨，
而是從此以後，
即使天氣變了，
即使陽光還會出現，
但空氣裡，總是潮濕的，也總是遺憾的。",2025-05-28 11:36:00,,失去親人,not_enough_posts,,skipped,
willpanelva,Lin Tzu Yi,"親人過世不來夢裡，或是很少來夢裡，因為其界有規定，不可以沒有原因的靠近在世的親人，人鬼殊途，他的靠近也會讓在世的親人生病，磁場受干擾。
不來你的夢裡，是他過得很好，不想讓活著的人受羈絆。
不打擾你，是想讓你好好活著，因為他很愛你。",2024-10-18 23:11:00,ally8799.com,失去親人,not_enough_posts,,skipped,
anim.607,anima,"各位脆友有經歷過
你很愛很愛的親人過世了很久
常常會在自己一個人偷偷思念他
但在某一天你突然發現在你印象中的他
變得很模糊有點記不起他的臉
瞬間淚流滿面
拼命的去找相片
想把他永遠永遠刻在我腦海裏
爸我真的好想你
尤其看著別人結婚有爸爸牽進場
我每次都直接淚崩
希望你現在過的幸福",2025-08-17 11:50:00,心靈對話,親人過世,not_enough_posts,,skipped,
anim.607,anima,"長大後發現快樂才是最難的
所以只要小孩身體健康快樂平安
品行優良
其他的都不重要",2025-08-08 12:46:00,心靈對話,親人過世,not_enough_posts,,skipped,
