threshold,accuracy,f1,precision,recall,auc,TP,FP,FN,TN
0.3,0.9376053962900506,0.9043927648578811,0.9067357512953368,0.9020618556701031,0.9553393793762758,175,18,19,381
0.35,0.9376053962900506,0.9043927648578811,0.9067357512953368,0.9020618556701031,0.9553393793762758,175,18,19,381
0.4,0.9359190556492412,0.9015544041450777,0.90625,0.8969072164948454,0.9553393793762758,174,18,20,381
0.45,0.9359190556492412,0.9015544041450777,0.90625,0.8969072164948454,0.9553393793762758,174,18,20,381
0.5,0.9359190556492412,0.9015544041450777,0.90625,0.8969072164948454,0.9553393793762758,174,18,20,381
0.55,0.9376053962900506,0.9033942558746736,0.9153439153439153,0.8917525773195877,0.9553393793762758,173,16,21,383
0.6,0.9359190556492412,0.900523560209424,0.9148936170212766,0.8865979381443299,0.9553393793762758,172,16,22,383
0.65,0.9359190556492412,0.9,0.9193548387096774,0.8814432989690721,0.9553393793762758,171,15,23,384
0.7,0.9359190556492412,0.9,0.9193548387096774,0.8814432989690721,0.9553393793762758,171,15,23,384
