username,display_name,post_content,post_date,bio,gemini_account_type_result,gemini_user_status_label
jola.japan,JOLA揪啦 日本代購,"今天來了我的英雄學院快閃ᐠ( ᐛ )ᐟ
社群最後接單中✨",2025-12-02 17:58:00,"吉友訂購請私訊官方帳號
加入群組有更多可愛寶寶‪ꔛ‬♡",business,skipped
jola.japan,JOLA揪啦 日本代購,"去二手店幫客人買SUNSUN，可愛死😍
影片中抖一下是差點撞到柱子
（錯誤示範不要學）
#sunsun",2025-12-01 18:44:00,"吉友訂購請私訊官方帳號
加入群組有更多可愛寶寶‪ꔛ‬♡",business,skipped
jola.japan,JOLA揪啦 日本代購,"嚴禁放在辦公桌或書桌前
因為會沒辦法專心😆😆😆",2025-12-01 12:06:00,"吉友訂購請私訊官方帳號
加入群組有更多可愛寶寶‪ꔛ‬♡",business,skipped
jola.japan,JOLA揪啦 日本代購,"內褲兔出新的毛絨毛盲盒啦.ᐟ‪‪‪.ᐟ‪‪‪
金色天使內褲兔的出現機率是1/96
但我最喜歡的是有巴掌印的那款哈哈哈哈
社群預購中ԅ(≖‿≖ԅ)",2025-11-30 22:43:00,"吉友訂購請私訊官方帳號
加入群組有更多可愛寶寶‪ꔛ‬♡",business,skipped
yklee._,李宗遠,"團隊成員唯一の外國人Rei....
國籍日本 個人特色
可愛の暴走天竺鼠",2025-12-02 06:56:00,"🐶🐯🐱🐿🐣🐇IVE-GOTCHA
社會本身就是很單純 複雜的是人...",pass,non_depression_risk_user
yklee._,李宗遠,Ive的4周年....可愛的六姐妹,2025-12-01 21:50:00,"🐶🐯🐱🐿🐣🐇IVE-GOTCHA
社會本身就是很單純 複雜的是人...",pass,non_depression_risk_user
yklee._,李宗遠,"Gaeul秋天溫柔小姐姐....那個忙內瑞寶太霸道了
感覺就像是要把歐膩吃掉樣子💕",2025-12-01 06:54:00,"🐶🐯🐱🐿🐣🐇IVE-GOTCHA
社會本身就是很單純 複雜的是人...",pass,non_depression_risk_user
abbies420,敏,"不知道大家有沒有開始用 iPASS MONEY這個App 開始轉帳了
因為我們公司同事大家很常一起團購叫外送，出去玩也很常一個人付款之後大家一起轉給他，所以我超常用line好友轉帳這個功能
明年iPASS MONEY就不會在賴裡面了要轉帳只能開始用這個App
但現在用這個轉帳變好麻煩，步驟變好多
步驟1.打開iPASS MONEY點擊好友轉帳，輸入金額
步驟2.等待朋友按接受轉帳，一定要在24小時內喔不然交易會取消（哈哈你是不是以為接受後就轉帳成功了呢並沒有）
步驟3.再度打開iPASS MONEY點開小鈴鐺 點開好友已同意轉帳按進行轉帳
變成這樣好麻煩喔喔喔喔，我超常訂肯德基同事都賴佩給我錢，每次都六個以上，這樣我要按六次同意還要跟大家說我同意了喔記得轉帳
不然就是我要給朋友還要特別注意他有沒有在24小時內按確認
還是其實是我不會用其實有更有效的方式是我誤會iPASS MONEY了",2025-12-02 16:26:00,啊吧阿吧,not_enough_posts,skipped
akatmeo,Kat Chang,我剛查多了一首欸？變234了..,2025-12-02 11:11:00,STAY🎀,not_enough_posts,skipped
lumi.bodi.moni,三個小孩,"小孩的餐盤
不論是吸盤吸力
還是盤子碎裂程度
都嚇到我了
我看材質是寫「純天然聚乳酸」
它整個吸在地上，我要撿起來
結果拿一次破一片
我驚呆了😱",2025-12-02 15:24:00,"等第三個小孩出現
我們家就全員到齊了！
我爸教英文，但就是不教我
我媽留職停薪，陪我們一起長大",pass,non_depression_risk_user
lumi.bodi.moni,三個小孩,"脆友不會騙人的
這款糖果很好吃
三天吃完兩包😋",2025-12-01 23:35:00,"等第三個小孩出現
我們家就全員到齊了！
我爸教英文，但就是不教我
我媽留職停薪，陪我們一起長大",pass,non_depression_risk_user
lumi.bodi.moni,三個小孩,"剛剛去取貨
順便補庫存
孕婦好過冬
這應該是人生最快樂的冬天了
自帶暖暖包真的不怕冷耶",2025-11-30 19:26:00,"等第三個小孩出現
我們家就全員到齊了！
我爸教英文，但就是不教我
我媽留職停薪，陪我們一起長大",pass,non_depression_risk_user
kellyuplcahannah64542,Kelly Hannah,給尾巴系個蝴蝶結～🎀,2025-12-02 16:21:00,"🐶捕捉狗狗每個可愛瞬間
✨分享狗狗日常快樂生活",pass,non_depression_risk_user
kellyuplcahannah64542,Kelly Hannah,哈哈哈好可愛,2025-11-30 16:41:00,"🐶捕捉狗狗每個可愛瞬間
✨分享狗狗日常快樂生活",pass,non_depression_risk_user
kellyuplcahannah64542,Kelly Hannah,一個普通的午後 為多年後的一個瞬間 埋下伏筆,2025-11-29 16:18:00,"🐶捕捉狗狗每個可愛瞬間
✨分享狗狗日常快樂生活",pass,non_depression_risk_user
get_.gr,G𝖊tsϵ𝙢aηї,😢,2025-12-02 14:52:00,444🖤,not_enough_posts,skipped
get_.gr,G𝖊tsϵ𝙢aηї,Menos mal,2025-12-01 16:47:00,444🖤,not_enough_posts,skipped
allthewayz_,一尾,"今天回來拿兵役折抵的東西
徐主任：「啊你之前在校門口打卡那篇還有留著給人家罵嗎？」
我：「哎呦早就沒有人在罵了 都是回憶喔 我很珍惜。」
雖然今天都跟老師們有說有笑的
但這篇我會留著 真抱歉 我愛你們",2025-12-02 16:29:00,有時候沒在幹嘛也是一種幹嘛,not_enough_posts,skipped
allthewayz_,一尾,"腦子突然又出問題了
真希望我可以早日克服焦慮症
我已經很努力了 我也會繼續努力下去",2025-12-01 18:40:00,有時候沒在幹嘛也是一種幹嘛,not_enough_posts,skipped
iltu989,iltu989,"cortis專輯 還有一些不多了
今天沒送完 明天就要處理掉了
有需要速度蹲領",2025-12-02 20:20:00,,business,skipped
iltu989,iltu989,"CORTiS 頌缽在我手上欸
超有質感的
誰還沒頌缽的欸？
一隻800
低價出售
需要的可密我喔～",2025-12-02 19:17:00,,business,skipped
iltu989,iltu989,"CORTiS 頌缽在我手上欸
超有質感的
誰還沒頌缽的欸？
一隻800
低價出售
需要的可密我喔～",2025-12-02 14:55:00,,business,skipped
iltu989,iltu989,"CORTiS 頌缽在我手上
誰還沒頌缽的欸？
一隻800
低價出售",2025-11-30 07:16:00,,business,skipped
xinxin_563,欣欣✨,"遲來ㄉ壓克力貼紙實體照
真的超喜歡！
小小的但超級漂亮><",2025-12-02 19:01:00,考研戰士 買周邊使我身心愉悅,pass,non_depression_risk_user
xinxin_563,欣欣✨,"哇哈哈
我也是有熊熊水晶球ㄉ人ㄌ",2025-11-26 18:14:00,考研戰士 買周邊使我身心愉悅,pass,non_depression_risk_user
xinxin_563,欣欣✨,🍫,2025-11-19 07:24:00,考研戰士 買周邊使我身心愉悅,pass,non_depression_risk_user
94suru8u_0812,小潘🫥,可以不要再幹了嗎…,2025-12-01 22:01:00,"【❤️‍🔥蛋煌🦁】18✨
-
-
-
-
-
EXIT🔚
努力學唱歌🎤🎵🥹",not_enough_posts,skipped
94suru8u_0812,小潘🫥,你有什麼問題,2025-12-01 15:39:00,"【❤️‍🔥蛋煌🦁】18✨
-
-
-
-
-
EXIT🔚
努力學唱歌🎤🎵🥹",not_enough_posts,skipped
40.house,Celine Life,快被這幾對「復合的演出者」反應笑死,2025-12-02 03:01:00,記事本❤️收藏我的喜好,not_enough_posts,skipped
40.house,Celine Life,為什麼我每一個都做過😂,2025-12-02 02:54:00,記事本❤️收藏我的喜好,not_enough_posts,skipped
ktplaystoy,KT叔叔公仔開箱,"欸欸欸欸，中國有人拿到貨了？還是外流？不過照片看起來好像真的蠻不賴的…🤔🤔
海賊王 X NBA 跨界聯名，這看起來真香～",2025-12-02 10:45:00,"好玩就好，瘋起來搞。
官方頻道👇",business,skipped
ktplaystoy,KT叔叔公仔開箱,"一番賞 獵人 ZAOLDYECK FAMILY 揍敵客家族2026年5月登場🔥
B賞 桀諾•揍敵客 MASTERLISE
C賞 席巴•揍敵客 MASTERLISE
D賞 奇犽•揍敵客 MASTERLISE
E賞 阿魯加/拿尼加•揍敵客 MASTERLISE
LO賞 三毛 MASTERLISE EXTRA",2025-12-01 15:47:00,"好玩就好，瘋起來搞。
官方頻道👇",business,skipped
ktplaystoy,KT叔叔公仔開箱,"一番賞 我的英雄學院 -更に向こうへ- 全賞情報🔍
A賞 綠谷出久 MASTERLISE
B賞 爆豪勝己 MASTERLISE
C賞 死柄木弔 MASTERLISE
D賞 人人為我 MASTERLISE
E賞 出久&爆豪 MASTERLISE
F賞 俊典 MASTERLISE
G賞 壞理 MASTERLISE
H賞 CHOKONOKKO 小公仔
I賞 壞理觸角型的壓克力吊飾
J賞 英雄卡牌風的閃鑽卡
K賞 卡夾
L賞 貼紙組
LO賞 綠谷出久 MASTERLISE",2025-12-01 13:09:00,"好玩就好，瘋起來搞。
官方頻道👇",business,skipped
gs__sir,GS先生,這張圖毀了我一天的好心情,2025-12-02 19:02:00,,not_enough_posts,skipped
gs__sir,GS先生,我又來放校鼠的生活照了,2025-11-24 17:48:00,,not_enough_posts,skipped
mrmrttrr,mrmrttrr,第三格推薦大家都這樣拍🤪🤓,2025-12-02 18:42:00,"✿@mtcoerrr的備用帳號
01‘ ｜COER 𓂃 number one
終於辦了追星帳！喜歡看大家發文 
最近中了朴馬丁的毒🐕‍🦺🎸
喜歡朴彩英🥀🤍
當小帳在發碎碎唸⸝⸝ ⸝⸝꙳",pass,non_depression_risk_user
mrmrttrr,mrmrttrr,"雖然本帳發過了 但追星帳忍不住也想發一下🥹
畢竟昨天為了這拍貼跟朋友排了三個小時 .ᐟ.ᐟ.ᐟ.ᐟ.ᐟ
腳都不是我們的腳😍
大家為了深色背景都好有毅力💪🏻
馬丁的動作讓我第一次get到那麼生動的拍貼😀
謝謝我們Tinny……🖤🐕‍🦺",2025-12-01 23:39:00,"✿@mtcoerrr的備用帳號
01‘ ｜COER 𓂃 number one
終於辦了追星帳！喜歡看大家發文 
最近中了朴馬丁的毒🐕‍🦺🎸
喜歡朴彩英🥀🤍
當小帳在發碎碎唸⸝⸝ ⸝⸝꙳",pass,non_depression_risk_user
mrmrttrr,mrmrttrr,"Hiiiiiii👋🏻拖延症本人終於也生出了九宮格
2001｜剛測出來熱騰騰的ESFJ
好久沒測了每次測都是E人🤣
覺得自己一半一半 熟了可以很E ˘͈ᵕ˘͈
之前只追Rosé 最近被Cortis大大圈粉..
猶豫了很久因為想紀錄+喜歡看大家發的文
所以也跟上辦了自己的追星天地✨
最喜歡馬丁🐕‍🦺但每位團員也都很喜歡！！！
想認識更多漂亮的 COERs和number ones
歡迎大家戳我🥺💓
☆ ☆ ☆ ☆ ☆ ☆ ☆ ☆ ☆ ☆ ☆ ☆ ☆ ☆ ☆ ☆ ☆
本來的帳號因為限制我追蹤大家
過了三天沒有解決 還是先辦了新的備用帳號🙂‍↕️
希望可以飄出去….也希望舊帳號可以恢復正常呀",2025-11-29 21:02:00,"✿@mtcoerrr的備用帳號
01‘ ｜COER 𓂃 number one
終於辦了追星帳！喜歡看大家發文 
最近中了朴馬丁的毒🐕‍🦺🎸
喜歡朴彩英🥀🤍
當小帳在發碎碎唸⸝⸝ ⸝⸝꙳",pass,non_depression_risk_user
josh.0905,Josh.0905,我的英雄學院原畫展非常值得去看❤️,2025-12-02 19:52:00,青鳥請封鎖我🙏,business,skipped
josh.0905,Josh.0905,路上遇到渡我被身子的機率有幾%,2025-12-02 14:36:00,青鳥請封鎖我🙏,business,skipped
josh.0905,Josh.0905,"售Ado週邊 藍光 娃娃 特典 卡片 景品
⚠️12/05回台陸續寄出
⚠️不接受退貨
Ado 喜劇盤 Blu-ray 無卡無明信片 原袋 500
Ado 心臟特典證件套 550
Ado 心臟第一週特典 秀泰+威秀 1000
Hibana VIP特典 1000
Hibana 台北限定特典卡 2D版 500
ラッキー・ブルートau娃娃 4000
Ado x Round1景品 1800
初回限定「心臓」Blu-ray 藍光 1400
黑膠Adoのベストアドバム 兩張一起不拆 3000
myship.7-11.com.tw/gener…",2025-11-27 20:24:00,青鳥請封鎖我🙏,business,skipped
rkkkuhy_,rkkkuhy_,黃寅燁 朴寶劍跟池昌旭真的太man了⋯⋯,2025-12-01 23:51:00,我想李彩玟將太郎何廷威,not_enough_posts,skipped
rkkkuhy_,rkkkuhy_,"颱風商社16集真的特別好看😭
最後都找到了屬於自己的花園和商社職員",2025-12-01 00:48:00,我想李彩玟將太郎何廷威,not_enough_posts,skipped
____t.m.t____,Frank,于朦朧的心臟？？？,2025-12-02 13:26:00,美好的事物,not_enough_posts,skipped
shuzhi203,張樹枝,代購進行中,2025-12-02 06:05:00,,business,skipped
shuzhi203,張樹枝,"#代購
伊布系列一隻600
火水雷機率較低 前兩天還有 過兩天不知道
12/2-12/6  會去寶可夢中心
基本匯率0.26 
匯款轉帳 適用此匯率 只有郵局 沒有無卡
優惠匯率0.25
使用line pay(ipass money)付訂  匯率0.25
請不要用line bank
匯款轉帳只有郵局 沒有無卡
單次購買結算完 小數點後一律無條件進位
依商品價值必須先支付40%~60%金額
代購之商品 皆默認 中古 初損 有損 廠損 不提供售後服務 也不提供退貨 退款
吹毛求疵者勿買 
付款代表同意上述規定
現場主要會拍大圖  需要細圖 請圈起來 會再拍近照給你看 
無國際運費
國內運費
7-11賣貨便貨便 38
連線商品
確定購買請帶圖私 會請你馬上付款
””收款後””才會拿商品
只收Linepay&速匯 （不收line bank)
付款後無法反悔 因為我也付款了 店家也不會讓我退 購買商品請三思
若跑單 訂金不退 並在一星期後依剩餘金額出給其他人
12/7前後 整理完陸續寄出
創了一個臨時社群有興趣可入",2025-11-30 05:49:00,,business,skipped
shuzhi203,張樹枝,"#代購
 鬼滅之刃 咒術迴戰 排球少年 怪獸8號
12/1-12/6  日本二手店代購 
基本匯率0.26
優惠匯率0.24（之前購買金額1000以上且在line群內的人）
可以linepay
請不要用line bank
匯款轉帳只有郵局 沒有無卡
單次購買結算完 小數點後一律無條件進位
依商品價值必須先支付50%~80%金額
這次會去 安美 駿河屋 其他二手店
本次為孝親旅遊 能去的店不多 要加減看的來",2025-11-29 20:11:00,,business,skipped
shuzhi203,張樹枝,"不要再蝦皮買便宜徽章
賣家連是不是正版都不敢回答 
你還敢買？",2025-11-23 22:37:00,,business,skipped
evanceane,evance,"陽台收衣服看到這
這啥啦 雞皮疙瘩欸🤢",2025-12-02 15:33:00,daily life 簡單才能不累,pass,non_depression_risk_user
evanceane,evance,"《親愛的X 》7
奶奶過世了
男朋友下一集要自殺了
太桑心 好難看下去啊啊啊啊",2025-11-24 20:57:00,daily life 簡單才能不累,pass,non_depression_risk_user
evanceane,evance,"iPhone移轉一直失敗🥲
找不出原因
新手機設定好到要要預估移轉時間那步
新舊手機就會同時斷Wi-Fi⋯⋯
試了好幾次了 真的很哭哭😭
1、容量：舊手機512；新手機1Tb
2、新舊手機皆為充電中狀態下移轉
3、Wi-Fi穩定一直連線沒有問題
4、新手機iOS版本高於舊手機（舊手機16.3）
新手機每次移轉前置作業完成
設定Face ID 、Siri 、蘋果錢包⋯等
每次設定完成到預估移轉時間那一步
就會瞬間斷線Wi-Fi
然後兩隻手機就在預估時間頁面定格不動
重新開機過依舊沒改善
試了三次了😭😭😭
有大神可救援嗎？🥹🙏",2025-11-19 00:53:00,daily life 簡單才能不累,pass,non_depression_risk_user
september__5,𓃟🇹🇼曾貢貢🍡台中美食 桃園美食 育兒日常👶,"提拉米蘇蛋糕 全台門市特價
$269！
終於不是詐騙了😄😄",2025-12-02 15:13:00,"Klook 95折折扣碼🎉SEPTEMBER5 
♡ 台中美食旅遊景點 / 閒妻日常 #🍡貢廚房🍴",not_enough_posts,skipped
hana.10702208,佩🫧,"SEVENTEEN 你的兵到大阪了
快閃店就在格力高看板對面 這可太有排面啦 
現在可以直接walk in 不用預約 
趕快去打卡🥰",2025-12-02 17:44:00,,non_life,skipped
hana.10702208,佩🫧,"🍊: 我可愛吧
🍒: ㄋㄡ木西囉 不咋啲
🍊：但是克拉們都說這樣很可愛啊
水果組合有自己的想法
對比另一位哥醬 不管 🍊做什麼都覺得他弟弟很可愛",2025-11-30 22:36:00,,non_life,skipped
hana.10702208,佩🫧,"今天在TWICE河道裡各種痛哭流涕
雖然不是鐵粉 但某些時期她們的歌陪了自己渡過很低潮的時候
堅持並努力做著自己喜歡的事 10年真的非常不容易
最好的是此刻家人 成員 還有粉絲都在這裡 
這路過不得高低流個兩行淚😭
10年的等待 在今天化為一片耀眼的燈海。",2025-11-22 21:38:00,,non_life,skipped
lm_270510,Mαყƚé💙,✨ANYA AND DAMIAN ✨,2025-12-02 10:52:00,"🎀 𝒜𝓂𝒶𝓃𝓉𝑒 𝒹𝑒𝓁 𝐵𝐿 𝓎 𝑒𝓁 𝒶𝓃𝒾𝓂𝑒 (¡𝓂𝑒 𝑒𝓃𝒸𝒶𝓃𝓉𝒶❢). 🎀
Recomendación BL
                      Mi Gojo es lo mejor 💋💥😳✌",non_life,skipped
lm_270510,Mαყƚé💙,"ლ(╹◡╹ლ)☆*: .｡. o(≧▽≦)o .｡.:*☆
❤️❤️🫶🏻🫶🏻",2025-12-01 09:28:00,"🎀 𝒜𝓂𝒶𝓃𝓉𝑒 𝒹𝑒𝓁 𝐵𝐿 𝓎 𝑒𝓁 𝒶𝓃𝒾𝓂𝑒 (¡𝓂𝑒 𝑒𝓃𝒸𝒶𝓃𝓉𝒶❢). 🎀
Recomendación BL
                      Mi Gojo es lo mejor 💋💥😳✌",non_life,skipped
lm_270510,Mαყƚé💙,.:*☆ლ(╹◡╹)ლ☆*: ❤️❤️✨🫣🫶🏻,2025-11-30 05:33:00,"🎀 𝒜𝓂𝒶𝓃𝓉𝑒 𝒹𝑒𝓁 𝐵𝐿 𝓎 𝑒𝓁 𝒶𝓃𝒾𝓂𝑒 (¡𝓂𝑒 𝑒𝓃𝒸𝒶𝓃𝓉𝒶❢). 🎀
Recomendación BL
                      Mi Gojo es lo mejor 💋💥😳✌",non_life,skipped
lm_270510,Mαყƚé💙,😎🤣🤣🤣🤣,2025-11-28 08:15:00,"🎀 𝒜𝓂𝒶𝓃𝓉𝑒 𝒹𝑒𝓁 𝐵𝐿 𝓎 𝑒𝓁 𝒶𝓃𝒾𝓂𝑒 (¡𝓂𝑒 𝑒𝓃𝒸𝒶𝓃𝓉𝒶❢). 🎀
Recomendación BL
                      Mi Gojo es lo mejor 💋💥😳✌",non_life,skipped
kanzaki326,張愷樂,要段考的可以拜一下這兩位學霸💁‍♀️,2025-12-02 06:21:00,"高一生
記錄我的邊緣校園生活帳🗑️🚮
一起來見證我一路邊緣到高三吧（x)
今天是第不知道多少天 日本遊耶耶耶",not_enough_posts,skipped
aaaaaaaaaabby.w,艾比,能不能滑到第三張 第三張真的很帥 拜託大家都來高雄打卡虎杖悠仁玩完手機準備要開蚵仔,2025-12-02 12:41:00,生活不如意 發瘋當簡歷,not_enough_posts,skipped
aaaaaaaaaabby.w,艾比,這輩子一定要去一次麵包超人博物館,2025-11-30 23:55:00,生活不如意 發瘋當簡歷,not_enough_posts,skipped
jimmywei_tw,吉魏福士,"“說一個你永遠不會忘的日期”
除了生日以外，
就是那種一看到日曆上那天，
心情會默默變得不一樣的那種。",2025-12-02 21:54:00,我愛好運🖤🤍,pass,non_depression_risk_user
jimmywei_tw,吉魏福士,"“時間如白駒過隙”
突然意識到，再過一個月，
2016年已經是10年前了。",2025-12-01 21:54:00,我愛好運🖤🤍,pass,non_depression_risk_user
jimmywei_tw,吉魏福士,"“比起死語復興，我更喜歡老港片復興”
有些語言老去之後，變成死語
有些畫面老去之後，變成經典。
那些被我們一看再看的港片，
其實也是另一種長大的證明。",2025-11-30 22:35:00,我愛好運🖤🤍,pass,non_depression_risk_user
1z7yn,1z7yn,"⠀
⠀⠀
⠀但我們都沒有電影裡的主角光環 也不會有好的結局
⠀",2025-12-02 21:54:00,"⠀⢀⠤⠤⢄⡀⠀⠀⠀⠀⠀⠀⢀⠤⠒⠒⢤
⠀⠏⠀⠀⠀⠈⠳⡄⠀⠀⡠⠚⠁⠀⠀⠀⠘⡄
⢸⠀⠀⠀⠤⣤⣤⡆⠀⠈⣱⣤⣴⡄⠀⠀⠀⡇
⠘⡀⠀⠀⠀⠀⢈⣷⠤⠴⢺⣀⠀⠀⠀⠀⢀⡇
⠀⠡⣀⣀⣤⠶⠻⡏⠀⠀⢸⡟⠙⣶⡤⠤⠼
⠀⠀⢠⡾⠉⠀⢠⡆⠀⠀⢸⠃⠀⠈⢻⣆
⠀⠀⣿⣠⢶⣄⠀⡇⠀⠀⠘⠃⣀⡤⢌⣈⡀⠀
⠀⠀⠀⠀⠀⠙⠼⠀⠀⠀⠀⠿⠋",pass,low_depression_risk_user
1z7yn,1z7yn,"⠀⠀
⠀⠀⠀⠀⠀
⠀⠀
還記得你熬夜是為了看書嗎
⠀⠀
⠀⠀⠀⠀⠀⠀",2025-12-01 23:59:00,"⠀⢀⠤⠤⢄⡀⠀⠀⠀⠀⠀⠀⢀⠤⠒⠒⢤
⠀⠏⠀⠀⠀⠈⠳⡄⠀⠀⡠⠚⠁⠀⠀⠀⠘⡄
⢸⠀⠀⠀⠤⣤⣤⡆⠀⠈⣱⣤⣴⡄⠀⠀⠀⡇
⠘⡀⠀⠀⠀⠀⢈⣷⠤⠴⢺⣀⠀⠀⠀⠀⢀⡇
⠀⠡⣀⣀⣤⠶⠻⡏⠀⠀⢸⡟⠙⣶⡤⠤⠼
⠀⠀⢠⡾⠉⠀⢠⡆⠀⠀⢸⠃⠀⠈⢻⣆
⠀⠀⣿⣠⢶⣄⠀⡇⠀⠀⠘⠃⣀⡤⢌⣈⡀⠀
⠀⠀⠀⠀⠀⠙⠼⠀⠀⠀⠀⠿⠋",pass,low_depression_risk_user
1z7yn,1z7yn,"⠀
⠀⠀
⠀⠀
⠀看著滿是疤痕的手還是不懂我怎麼活成這樣的
⠀",2025-12-01 22:01:00,"⠀⢀⠤⠤⢄⡀⠀⠀⠀⠀⠀⠀⢀⠤⠒⠒⢤
⠀⠏⠀⠀⠀⠈⠳⡄⠀⠀⡠⠚⠁⠀⠀⠀⠘⡄
⢸⠀⠀⠀⠤⣤⣤⡆⠀⠈⣱⣤⣴⡄⠀⠀⠀⡇
⠘⡀⠀⠀⠀⠀⢈⣷⠤⠴⢺⣀⠀⠀⠀⠀⢀⡇
⠀⠡⣀⣀⣤⠶⠻⡏⠀⠀⢸⡟⠙⣶⡤⠤⠼
⠀⠀⢠⡾⠉⠀⢠⡆⠀⠀⢸⠃⠀⠈⢻⣆
⠀⠀⣿⣠⢶⣄⠀⡇⠀⠀⠘⠃⣀⡤⢌⣈⡀⠀
⠀⠀⠀⠀⠀⠙⠼⠀⠀⠀⠀⠿⠋",pass,low_depression_risk_user
1z7yn,1z7yn,"⠀
⠀⠀
⠀⠀
⠀ 不開心的時候要是
有你在就好了
⠀
⠀
⠀",2025-12-01 21:07:00,"⠀⢀⠤⠤⢄⡀⠀⠀⠀⠀⠀⠀⢀⠤⠒⠒⢤
⠀⠏⠀⠀⠀⠈⠳⡄⠀⠀⡠⠚⠁⠀⠀⠀⠘⡄
⢸⠀⠀⠀⠤⣤⣤⡆⠀⠈⣱⣤⣴⡄⠀⠀⠀⡇
⠘⡀⠀⠀⠀⠀⢈⣷⠤⠴⢺⣀⠀⠀⠀⠀⢀⡇
⠀⠡⣀⣀⣤⠶⠻⡏⠀⠀⢸⡟⠙⣶⡤⠤⠼
⠀⠀⢠⡾⠉⠀⢠⡆⠀⠀⢸⠃⠀⠈⢻⣆
⠀⠀⣿⣠⢶⣄⠀⡇⠀⠀⠘⠃⣀⡤⢌⣈⡀⠀
⠀⠀⠀⠀⠀⠙⠼⠀⠀⠀⠀⠿⠋",pass,low_depression_risk_user
powertech_white,謝博淮,"觀賽完好像加了挺多 
一把沒碰有49階耶 你們現在到多少了",2025-12-02 16:46:00,荒野亂鬥影片創作者,not_enough_posts,skipped
a9854666998,a9854666998,不同年紀下班的我：,2025-12-02 21:53:00,"牡羊座♈️
希望世界的浪浪都能找到一個家
分享有趣好笑梗圖文章和童年回憶日常生活
但願你能短暫放鬆😗
梗圖90%撿的，10%自己做的，100%想逗你笑
分如侵權請告知會刪 非常對不起🙏
幸福很簡單👩‍❤️‍👨",pass,non_depression_risk_user
a9854666998,a9854666998,如何快速交到朋友：,2025-12-02 19:03:00,"牡羊座♈️
希望世界的浪浪都能找到一個家
分享有趣好笑梗圖文章和童年回憶日常生活
但願你能短暫放鬆😗
梗圖90%撿的，10%自己做的，100%想逗你笑
分如侵權請告知會刪 非常對不起🙏
幸福很簡單👩‍❤️‍👨",pass,non_depression_risk_user
a9854666998,a9854666998,"👩：開門……
🐶：…….
🤦‍♀️：這我房間欸什麼臉",2025-12-02 13:00:00,"牡羊座♈️
希望世界的浪浪都能找到一個家
分享有趣好笑梗圖文章和童年回憶日常生活
但願你能短暫放鬆😗
梗圖90%撿的，10%自己做的，100%想逗你笑
分如侵權請告知會刪 非常對不起🙏
幸福很簡單👩‍❤️‍👨",pass,non_depression_risk_user
timmyhu,胡勝彥,"勝尾寺
達摩排成的台灣本島被中國人肆意橫行地破壞 
昨天又拼回來了
大家團結一心守護台灣",2025-12-02 10:15:00,介紹自己很難耶,pass,non_depression_risk_user
timmyhu,胡勝彥,"我自行宣布
Threads第一屆《最美銀杏攝影》大賽📷
正式開始
選手如下：",2025-11-29 22:26:00,介紹自己很難耶,pass,non_depression_risk_user
timmyhu,胡勝彥,"有人知道阿曼Kouign Amann
真的是超好吃的 非常好吃的那種
法國布列塔尼地區的傳統點心
aka法式焦糖奶油酥
台灣🇹🇼好像沒人賣 是嗎？",2025-11-29 17:33:00,介紹自己很難耶,pass,non_depression_risk_user
timmyhu,胡勝彥,"我最愛😍Le Labo 29 Thé Noir
法文Un thé noir 紅茶 
法文 thé 發音同英文tea
雖然官網是寫黑茶
但就是紅茶的表現
持香偏中弱
但擴散也偏禮貌人
聚會擦它不會有太強勢的感覺
特別愛殘留在外套上的味道 
過了一兩天反而更迷人
擦了有種身心安適 一切都好的踏實
哈哈 有人懂我的意思嗎?",2025-11-19 07:55:00,介紹自己很難耶,pass,non_depression_risk_user
yyzz74158,yyzz74158,"救命 哥哥的愛太痛了😭😭
作者真的太會敘述感情了
搭配BGM心也跟著揪起來了🥹",2025-12-02 11:58:00,"看不下去任何一個攻擊別人偶像
然後自己也有追星的人",not_enough_posts,skipped
yyzz74158,yyzz74158,寶寶們 六週年快樂💛🖤,2025-11-23 18:36:00,"看不下去任何一個攻擊別人偶像
然後自己也有追星的人",not_enough_posts,skipped
weedkceo,weedkceo,這三首怎麼都那麼像 是取樣嗎,2025-12-02 20:18:00,我人很好 不喜歡我是你的問題。,not_enough_posts,skipped
svt_zz_.tw,張張,"原本一直覺得其實有台灣 但只是還沒公佈
可是現在感覺已經要等到沒有信心了⋯🥲",2025-12-02 20:16:00,"𝟬𝟯 ᴋᴀᴏʜꜱɪᴜɴɢ | 𝗜𝗡𝗙𝗣
ෆ Joshua🦌 圓佑🐈‍⬛ ෆ
是追過中國選秀又回來kpop的克拉🩵🩷
實際是個超慢熱i人ㅋㅋㅋ
但還是可以找我聊天或是咖舞唷~
-
sᴇᴠᴇɴᴛᴇᴇɴ 💎 ᴄᴀʀᴀᴛ",pass,non_depression_risk_user
svt_zz_.tw,張張,"來問一下~有人有想出這個徽章嗎
之前在快閃店好像有看到結果那時候覺得不需要
但最近又好想收哦🥹",2025-12-02 17:50:00,"𝟬𝟯 ᴋᴀᴏʜꜱɪᴜɴɢ | 𝗜𝗡𝗙𝗣
ෆ Joshua🦌 圓佑🐈‍⬛ ෆ
是追過中國選秀又回來kpop的克拉🩵🩷
實際是個超慢熱i人ㅋㅋㅋ
但還是可以找我聊天或是咖舞唷~
-
sᴇᴠᴇɴᴛᴇᴇɴ 💎 ᴄᴀʀᴀᴛ",pass,non_depression_risk_user
svt_zz_.tw,張張,"一直以來都很喜歡看李小燦跳舞 覺得動作都很有力道而且很乾淨
但這次幫哥哥編的舞
兩個人跳起來的風格很不一樣欸
洪咻咻把這隻舞詮釋的跟歌曲一樣好溫柔
但我的注意力一直在那個領口+晃來晃去的項鍊😍",2025-12-01 00:51:00,"𝟬𝟯 ᴋᴀᴏʜꜱɪᴜɴɢ | 𝗜𝗡𝗙𝗣
ෆ Joshua🦌 圓佑🐈‍⬛ ෆ
是追過中國選秀又回來kpop的克拉🩵🩷
實際是個超慢熱i人ㅋㅋㅋ
但還是可以找我聊天或是咖舞唷~
-
sᴇᴠᴇɴᴛᴇᴇɴ 💎 ᴄᴀʀᴀᴛ",pass,non_depression_risk_user
ccic_____,𝒬𝓊ℯℯ𝓃𝒾ℯ,我同學隨手拍的我⋯不要太強了 愛同學,2025-12-02 11:31:00,我真的有病,pass,non_depression_risk_user
ccic_____,𝒬𝓊ℯℯ𝓃𝒾ℯ,"每次跟朋友出門都會說到家說一聲～
從來就沒有一次到家有說的",2025-12-01 15:25:00,我真的有病,pass,non_depression_risk_user
ccic_____,𝒬𝓊ℯℯ𝓃𝒾ℯ,第一次留劉海感覺像小學生,2025-12-01 12:51:00,我真的有病,pass,non_depression_risk_user
teachercoolxiong,吳飛翔,"學到新知識：鈔票破掉需用紙把缺角補起來再去兌換！
感謝行員自動幫忙補🥹",2025-12-02 11:12:00,正確又誠實,not_enough_posts,skipped
teachercoolxiong,吳飛翔,"最近用geogebra數學軟體呈現數學題目，有需要的可以看看👀
YT也可以搜尋「高中數斜」",2025-12-02 09:50:00,正確又誠實,not_enough_posts,skipped
eiii._.iiie,禾頁,"重溫我英190
出久寶寶呀！
太醜了！！！
醜萌醜萌的
感覺出醜娃我會買🤣🤣🤣",2025-12-02 12:16:00,"主🥦💥（愛看幼馴染分析
🥦→💥←🍰（為什麼他們三個不能在一起
🍰💥、⚙️💥、All💥
👓🍑
追星的二次元宅現充同人女",not_enough_posts,skipped
eiii._.iiie,禾頁,"重溫我英189
恭喜🥦終於學會局部使出20%ofa！
身體仍然全覆蓋5￼%ofa
令我想起獵人貪婪之島篇，比司吉叫小杰和奇犽對打，攻擊的時候手的氣要70%，全身30%那段",2025-12-02 01:28:00,"主🥦💥（愛看幼馴染分析
🥦→💥←🍰（為什麼他們三個不能在一起
🍰💥、⚙️💥、All💥
👓🍑
追星的二次元宅現充同人女",not_enough_posts,skipped
yy_772_tt,くも☁️🩷❤️,"...還直接否認了轉生的可能
其他成員也是現在才知道 也太突然...
但她好像也因為生病撐很久了🥹🥹
就好好休息吧...🥹
齁樓魔法少女又-1",2025-12-02 16:35:00,"Vtuber
主推：湊あくあ🩷⚓️結城さくな🩷🎀🐾
副推：Azki❤️
日本アイドル
カワラボ：月足天音❤️立花琴未❤️
佐野愛花❤️
iLiFE!：空詩かれん💙福丸うさ💛あいす🤍
還有各種動漫都會看 是個宅炮 家裡蹲",not_enough_posts,skipped
yy_772_tt,くも☁️🩷❤️,"今天跟朋友去地下街 結果看到娃衣扭蛋
本來想說塞不下就不扭 結果被慫恿了
還扭到最想要的一款😭😭五分之一運氣不錯😌
結果頭還是塞不進去 就變這樣了www
可愛到我一直在笑www好可愛喔🥹🩷🩷",2025-11-23 23:08:00,"Vtuber
主推：湊あくあ🩷⚓️結城さくな🩷🎀🐾
副推：Azki❤️
日本アイドル
カワラボ：月足天音❤️立花琴未❤️
佐野愛花❤️
iLiFE!：空詩かれん💙福丸うさ💛あいす🤍
還有各種動漫都會看 是個宅炮 家裡蹲",not_enough_posts,skipped
linlinlinxo,Lin,"記錄一下
原盒直出1Box 
14包Gachiakuta餅卡
一盒出2張 AMO的機率有多高🫡
真是猜不到ʕ •ᴥ•ʔ
重複的是AMO
這盒很香🥰
期待其餘的6包🫡
會不會突破第三張🤔",2025-12-01 23:00:00,"✟ Card Life ࿊
𓂀 ~.~ ✵",business,skipped
linlinlinxo,Lin,"記錄一下
原盒直出1Box 
頭4包Gachiakuta餅卡
Zanka 的機率會不會太高
4款有他的都出現 …
還要不重複…
在天賦面前 努力都是白費￼
期待其餘的16包🫡",2025-11-28 19:32:00,"✟ Card Life ࿊
𓂀 ~.~ ✵",business,skipped
linlinlinxo,Lin,"記錄一下
原盒直出3 Box
60包 SakamotoDays 
圖二 是Box 1
圖三 是 Box 2
開的時候 連SR 也一樣真是嚇到😨
還好圖四 Box 3
把缺的都補上
現在還有一盒全新沒開(食用日期已過)￼
有意想帶回家可pm問價
限HK~",2025-11-28 19:20:00,"✟ Card Life ࿊
𓂀 ~.~ ✵",business,skipped
linlinlinxo,Lin,"記錄一下
近期太忙 忘了之前購了
2盒 SakamotoDays 
-The Animation- Vol.1餅卡
各1盒
DanDaDan Vol.1 & Vol.2
Gachiakuta
有空再開
好像還有幾盒還在途🫡",2025-11-28 19:08:00,"✟ Card Life ࿊
𓂀 ~.~ ✵",business,skipped
grace_xuan,👶🏻Kelly_Liang,11/29晚上在信義區站著吃燒肉門口遇到可愛的聖元,2025-12-01 22:36:00,"台灣是個寶島🇹🇼❤️
人情味兒濃厚的小土地🌹🙌🏻👧🏻
春夏週末⛺️露營趣🏕️
-
外星人の世界👽
♒️🧜🏻‍♀️水瓶女子🦥🙆🏻‍♀️",not_enough_posts,skipped
ya__.173,赤井秀一,台灣人真的很熱心,2025-12-02 15:16:00,我要是不要不堅強的話其實我滿堅強的,not_enough_posts,skipped
afu155206,Jake服飾精品代理,"售：iPhone 17por 256g銀色（已貼：鏡頭貼、螢幕玻璃貼）送犀牛盾手機殼
使用狀況：無任何刮痕
價格：35000
電池健康度：100%
電池循環次數：13
付款方式：台中現金面交、或轉帳面交",2025-12-02 11:01:00,,not_enough_posts,skipped
jenny_lai.3139,賴畇憓,"阿嬤咧～年紀不等於狀態。我當阿嬤了，可是我懂心態要停留在最純真的年代😆
沒事喝咖啡
喝咖啡沒事
當了阿嬤也要回歸到阿姨的狀態🥰
沒事就去喝咖啡☕️",2025-12-02 12:57:00,"（ཤེས་རབ་བུད་མེད་ཡག་པོ། / 耶西孞莫）
🙏 བཀྲ་ཤིས་བདེ་ལེགས་🙏
畫面，寫著平凡的故事
靜默淡然的小日子，留下我眼界的畫面，紀錄著我拜訪過的人間。",non_life,skipped
jenny_lai.3139,賴畇憓,"「靜坐的力量」
日月交替，又是一天。
不知不覺活過半生。
年過四十
慢慢理解生命就是一個過程，高不成、低不就，只要日子過得安穩，懂得感恩當下每一刻的平安，就是一種很平淡的幸福。
當然，我們活在建構的世界中，雞皮蒜毛掉滿地的生活一定會有！
每天眼睛還沒張開，就是固定的帳單在累積數字、水、電、瓦斯、生活飲食….。
每個人都會有生活壓力、經濟焦慮！每個家庭都會有一樣的老人照護過程，以及一堆擾人親族煩惱。
我並沒有參與那些五花八門的靈性圈學習或交流，因為我相信每個人都具有開啟自我靈性的力量。
靈性的覺醒與否
無法認證是否與宗教有直接關係？
但絕對與本身自我調節有關係。
我們每日處在瑣碎之中思慮煩惱障礙，卻忘了讓「心」靜下來。
買了一塊榻榻米坐墊
每天忙完靜靜坐在地上
學著「靜坐」
靜靜的什麼都不想
慢慢深呼吸
讓呼吸緩慢、延伸…
感受呼吸的每一個瞬間
讓心專注在沉靜的過程
難免閃過一些生活碎片
當覺察到分心
再把自己帶回放空時刻
正處於憂鬱焦慮的人
不妨試試看！
每天睡前，隨便椅子上
靜靜的
讓自己什麼都不想
靜靜的呼吸
讓心，放空，休息。
內心平靜了
生活也就順遂了。",2025-12-02 09:52:00,"（ཤེས་རབ་བུད་མེད་ཡག་པོ། / 耶西孞莫）
🙏 བཀྲ་ཤིས་བདེ་ལེགས་🙏
畫面，寫著平凡的故事
靜默淡然的小日子，留下我眼界的畫面，紀錄著我拜訪過的人間。",non_life,skipped
jenny_lai.3139,賴畇憓,"閃燈的操作，
真的很不容易…..
終於拿到一個月前孫女周歲宴會的毛片，真心覺得在光源不足的場所，閃燈操作真的很有難度。
這是一位年輕攝影師拍攝的毛片，雖然沒挑這張精修。（宴會攝影可選20張精修）
但，我覺得對於畫面的故事感，毛片勝過修片。
我喜歡😘
這是一張外婆抱著孫女、用美圖秀秀自拍的畫面，婚攝師很敏銳的觀察宴會過程細微的角落，讓不起眼的細微處也能捕捉到讓人感到溫度的畫面。",2025-12-01 11:02:00,"（ཤེས་རབ་བུད་མེད་ཡག་པོ། / 耶西孞莫）
🙏 བཀྲ་ཤིས་བདེ་ལེགས་🙏
畫面，寫著平凡的故事
靜默淡然的小日子，留下我眼界的畫面，紀錄著我拜訪過的人間。",non_life,skipped
idol.following.katewong0304,追星族 Kate,竟然抽到 Ahyeon 🇭🇰,2025-12-02 19:38:00,"@i_dle_official@gen1es_official@yumichung1221@chantelyiuwin_dy__ 
@yuqisong.923 @yeh.shaa_
@min.nicha @noodle.zip 
TF TOP 登陸少年 & TF家族 四代練習生",not_enough_posts,skipped
freelife5656,Cheng,"上一刻：我下班/她剛從🇺🇸飛回來
下一刻：集合出發去🇯🇵
有點累，不過我們的假期來嘍😎",2025-12-02 11:20:00,身為一位喜歡放閃的先生。,pass,non_depression_risk_user
freelife5656,Cheng,"證明自己有認真上班
之
不小心亂入別人的照片中…😂",2025-12-01 19:02:00,身為一位喜歡放閃的先生。,pass,non_depression_risk_user
freelife5656,Cheng,"翻翻相簿～
去年的這時候，在韓國遇到第一場初雪❄️
我：哇～好美，很有冬季戀歌的感覺！
夫人：先生你透露年紀嘍…
看來是時候再出國走走，補一些快樂回憶了😌",2025-11-30 22:48:00,身為一位喜歡放閃的先生。,pass,non_depression_risk_user
neopega,尼奧天馬,"在富國島某飯店房間的
Youtube按鈕看到三位疑似台灣人和一位韓國人帳號
其中一個是premium用戶
我先登出了",2025-12-02 00:38:00,,pass,non_depression_risk_user
neopega,尼奧天馬,"手握星宇特調，看初音未來劇場版。
調色完美，劇情混亂。",2025-12-01 21:31:00,,pass,non_depression_risk_user
neopega,尼奧天馬,"我剛上市買的iPhone 13 Pro Max 4年了電池健康度還有85%
長壽的秘訣在
早上起床和我一起趕deadline
我拚命刷牙洗臉 他努力的充電😭",2025-11-29 07:19:00,,pass,non_depression_risk_user
neopega,尼奧天馬,"我今年30歲，只要有做夢都是夢到高中時期趕考試抱佛腳的模樣。每當醒來的時候總是慶幸自己脫離了總是被考試拖著走的生活，卻也後悔當時的自己沒有多「活在當下」盡可能交朋友參加社團，僅是安靜的上學放學回家。
學生時期是被動可以獲得大量朋友的時候，出了社會不主動只會逐漸歸零，會打電話給我的只有父母和銀行貸款與詐騙，生日都是商家訊息給我祝福。
但我一點也不懷念那段時光，因為每天讀不完的書和考不完的試，那些知識考完就沒什麼用，而且還賺不到錢。",2025-11-29 05:46:00,,pass,non_depression_risk_user
1119makeup,拉拉新娘秘書X台灣馬來西亞人,迎娶騎重機，我還是我第一次😍😍,2025-12-02 13:30:00,"婚禮新娘秘書  / 彩妝教學
各種商業/婚紗/寫真/海外妝造服務
美甲/睫毛管理/熱蠟@lala_beauty1119Line ID ：angelala1119
https://www.instagram.com/1119makeup?igsh=MXFxZjJ3bWJjMG83ag==",business,skipped
1119makeup,拉拉新娘秘書X台灣馬來西亞人,"雖然新娘新郎是軍人但是他們好溫柔靦腆呀
是個溫文儒雅的鄰家女孩💕",2025-12-02 13:09:00,"婚禮新娘秘書  / 彩妝教學
各種商業/婚紗/寫真/海外妝造服務
美甲/睫毛管理/熱蠟@lala_beauty1119Line ID ：angelala1119
https://www.instagram.com/1119makeup?igsh=MXFxZjJ3bWJjMG83ag==",business,skipped
1119makeup,拉拉新娘秘書X台灣馬來西亞人,你就美不美🤭😍😍😍,2025-12-02 10:22:00,"婚禮新娘秘書  / 彩妝教學
各種商業/婚紗/寫真/海外妝造服務
美甲/睫毛管理/熱蠟@lala_beauty1119Line ID ：angelala1119
https://www.instagram.com/1119makeup?igsh=MXFxZjJ3bWJjMG83ag==",business,skipped
1119makeup,拉拉新娘秘書X台灣馬來西亞人,"惠寶真的好適合高冷又溫柔的宮廷風
原本討論的造型是最典型的秀禾服全盤髮
突然現場臨時提議新娘改新中式造型
不對稱飾品和髮型讓她精緻五官更突出也更多了一份溫柔
氣質典雅又溫文儒雅更有氣質了，好愛好美",2025-12-02 10:15:00,"婚禮新娘秘書  / 彩妝教學
各種商業/婚紗/寫真/海外妝造服務
美甲/睫毛管理/熱蠟@lala_beauty1119Line ID ：angelala1119
https://www.instagram.com/1119makeup?igsh=MXFxZjJ3bWJjMG83ag==",business,skipped
alice__0503,筱婕,"一個是 會把世界炸開也要守護你的人
一個是 就算粉身碎骨也要拉住你的人",2025-12-02 11:31:00,去看動漫,pass,non_depression_risk_user
alice__0503,筱婕,"從171集哭到179集
想分享在限時
結果出現這個人，瞬間不想分享了欸：）",2025-12-01 22:42:00,去看動漫,pass,non_depression_risk_user
alice__0503,筱婕,蝦皮包裹已經進化到會討拍了😆,2025-12-01 19:28:00,去看動漫,pass,non_depression_risk_user
tx_chili,蕭天｜Designer | SUP Coach,"在熟睡的台積電員工耳邊播放台積電之歌⋯
*一秒驚醒*
圖二：總有一天我們會把她榨乾
圖三：收假的心情誰懂啊
圖四：YT那首歌下面的留言好好笑😍",2025-12-02 15:12:00,,not_enough_posts,skipped
tx_chili,蕭天｜Designer | SUP Coach,"傳產男，你又贏麻了⋯
爸爸趁我不在家幫我把洞洞板安裝好
還自拍影片😍😍 我真的會瘋",2025-11-27 23:21:00,,not_enough_posts,skipped
ktplaystoy,KT叔叔公仔開箱,"七龍珠 2025年12月份 萬代景品
Match Makers 超三悟空 12/3上市
Match Makers 魔人普烏 12/3上市
GXmateria 超賽特南克斯 12/9上市
紅領巾軍團 LOGO燈 12/9上市
膠囊公司LOGO燈 12/9上市
龍珠大抱枕 12/11上市
Grandista 魔人達爾 12/16上市
History Box 超賽貝吉特 12/11-18期間上市（生產因素日期未定）",2025-12-01 12:52:00,"好玩就好，瘋起來搞。
官方頻道👇",business,skipped
ktplaystoy,KT叔叔公仔開箱,"終於輪到高雄場啦！！BANPRESTO X 一番賞 EXPO即將在12/11（四）-12/14（日）高雄駁二藝術特區蓬萊區B6倉庫登場🎉免費入場唷！詳情請看🔎
facebook.com/share…",2025-11-28 17:31:00,"好玩就好，瘋起來搞。
官方頻道👇",business,skipped
ktplaystoy,KT叔叔公仔開箱,一番賞 鬼滅之刃 ～姊妹的復仇～ 把胡蝶忍與童磨的激戰給實體化成公仔，日本11/29上市開抽!,2025-11-28 17:01:00,"好玩就好，瘋起來搞。
官方頻道👇",business,skipped
ktplaystoy,KT叔叔公仔開箱,"台日同步是吧🤔🤔
facebook.com/share…",2025-11-27 23:27:00,"好玩就好，瘋起來搞。
官方頻道👇",business,skipped
ktplaystoy,KT叔叔公仔開箱,快看！一番賞 七龍珠 SNAP COLLECTION 2 公仔賞在日本一番賞官方店展出中！！！,2025-11-27 13:34:00,"好玩就好，瘋起來搞。
官方頻道👇",business,skipped
ktplaystoy,KT叔叔公仔開箱,MegaHouse Desktop Real McCoy Dragonball Z 孫悟空01 -限定復刻版-2025年12月3日（週三）資訊解禁/12月4日（週四）開始預約🇯🇵 台灣的各位可以密切注意玩具店的預購單！！,2025-11-27 13:26:00,"好玩就好，瘋起來搞。
官方頻道👇",business,skipped
ktplaystoy,KT叔叔公仔開箱,一番賞 鬼滅之刃 ～姐姐的仇～ 在日本一番賞直營店展示中，預計2025/11/29上市,2025-11-26 23:19:00,"好玩就好，瘋起來搞。
官方頻道👇",business,skipped
ktplaystoy,KT叔叔公仔開箱,KING OF ARTIST尼卡魯夫III 2025/12/4日本上市！,2025-11-26 23:13:00,"好玩就好，瘋起來搞。
官方頻道👇",business,skipped
ktplaystoy,KT叔叔公仔開箱,"多角度釋出❗️ 一番賞 進擊的巨人 ～各自的決心～ 公仔賞清單👇
A賞 鎧の巨人 MEGAIMPACT
B賞 顎の巨人 MEGAIMPACT
C賞 里維 ～獻上心臟吧～
最後賞 獸の巨人 ～天與地的戰鬥ver. ～ 巨型衝擊",2025-11-26 23:09:00,"好玩就好，瘋起來搞。
官方頻道👇",business,skipped
ktplaystoy,KT叔叔公仔開箱,最新 一番賞 七龍珠 SNAP COLLECTION 2在🇯🇵日本商店展出實體了！！！！,2025-11-26 20:15:00,"好玩就好，瘋起來搞。
官方頻道👇",business,skipped
ktplaystoy,KT叔叔公仔開箱,火影忍者 疾風傳 Combination Battle-宇智波佐助&宇智波鼬 2025/12/25日本遊戲機登場,2025-11-25 12:17:00,"好玩就好，瘋起來搞。
官方頻道👇",business,skipped
ktplaystoy,KT叔叔公仔開箱,海賊王 KING OF ARTIST 尼卡魯夫III 2025/12/4日本遊戲機登場！,2025-11-25 12:14:00,"好玩就好，瘋起來搞。
官方頻道👇",business,skipped
ktplaystoy,KT叔叔公仔開箱,Grandista 刃牙 範馬勇次郎 2025/12/18在日本遊戲機登場！,2025-11-25 12:10:00,"好玩就好，瘋起來搞。
官方頻道👇",business,skipped
ktplaystoy,KT叔叔公仔開箱,幽☆遊☆白書 MAXIMATIC 飛影 2025年12月18日在日本的遊戲機登場,2025-11-25 12:07:00,"好玩就好，瘋起來搞。
官方頻道👇",business,skipped
ktplaystoy,KT叔叔公仔開箱,"重磅❗️ 一番賞 進擊的巨人 ～各自的決心～ 公仔賞釋出👇
A賞 鎧の巨人 MEGAIMPACT
B賞 顎の巨人 MEGAIMPACT
C賞 里維 ～獻上心臟吧～
最後賞 獸の巨人 ～天與地的戰鬥ver. ～ 巨型衝擊",2025-11-25 12:02:00,"好玩就好，瘋起來搞。
官方頻道👇",business,skipped
ktplaystoy,KT叔叔公仔開箱,"期待已久，結果大走鐘😵 一番賞 幽遊白書 闇黑武術會篇 vol.2…全開箱影片👉
youtu.be/yUCdU…",2025-11-24 22:31:00,"好玩就好，瘋起來搞。
官方頻道👇",business,skipped
ktplaystoy,KT叔叔公仔開箱,一番賞 哆啦A夢 ～永遠與你在一起～ 誒誒誒這套我有中欸…看到大雄抱著哆啦A夢，腦袋馬上就浮現他的聲音了😂😂2026年3月上市！,2025-11-24 18:58:00,"好玩就好，瘋起來搞。
官方頻道👇",business,skipped
ktplaystoy,KT叔叔公仔開箱,不負責任預測：未來一番賞在我英這個IP出到不曉得該出什麼的時候，會把一些這種情懷破表的畫面用Revible Moment系列推出，直接再燒一波😂😂,2025-11-24 18:19:00,"好玩就好，瘋起來搞。
官方頻道👇",business,skipped
ktplaystoy,KT叔叔公仔開箱,一番賞 我的英雄學院 明年2月10日這套一套的A賞綠谷，應該會燒到爆炸🔥🤯幫大家查好了，除夕是2/16，一些店家應該有機會過年前到貨。,2025-11-24 17:02:00,"好玩就好，瘋起來搞。
官方頻道👇",business,skipped
ktplaystoy,KT叔叔公仔開箱,七龍珠超戰士食玩小公仔，價格：390日圓（含稅：429日圓），發售日期：2025年12月，台灣……等玩具店消息😂,2025-11-24 16:55:00,"好玩就好，瘋起來搞。
官方頻道👇",business,skipped
ktplaystoy,KT叔叔公仔開箱,HG扭蛋系列出七龍珠女角，蠻不錯的欸～,2025-11-24 16:51:00,"好玩就好，瘋起來搞。
官方頻道👇",business,skipped
ktplaystoy,KT叔叔公仔開箱,看到這張圖…表示…你該睡覺了…明早要上班或上課😂😂一起期待我的英雄學院最終季下一集的到來吧🥹🥹,2025-11-23 21:34:00,"好玩就好，瘋起來搞。
官方頻道👇",business,skipped
ktplaystoy,KT叔叔公仔開箱,一番賞 SPY X FAMILY-Get ready to have fun!- 12/20上市🔥,2025-11-23 15:20:00,"好玩就好，瘋起來搞。
官方頻道👇",business,skipped
ktplaystoy,KT叔叔公仔開箱,我的英雄學院 最終季 第八集 獲得9.9的超高評分！這個畫面以後一番賞應該也有機會出公仔吧？,2025-11-23 13:49:00,"好玩就好，瘋起來搞。
官方頻道👇",business,skipped
ktplaystoy,KT叔叔公仔開箱,一番賞 在昨天動畫更新最終季第八集之後馬上公布這個，真的太燒了🔥要等到2026年2月才上市啊啊啊啊啊～,2025-11-23 13:04:00,"好玩就好，瘋起來搞。
官方頻道👇",business,skipped
ktplaystoy,KT叔叔公仔開箱,第一次抽 迪士尼2025聖誕節 快樂賞 公仔賞高達80%，非洲人叔叔結果…😂😂😂,2025-11-22 23:18:00,"好玩就好，瘋起來搞。
官方頻道👇",business,skipped
ktplaystoy,KT叔叔公仔開箱,七龍珠 角色人氣投票，竟然沒有普烏！？,2025-11-22 19:49:00,"好玩就好，瘋起來搞。
官方頻道👇",business,skipped
ktplaystoy,KT叔叔公仔開箱,瘋掉🤯🤯 果然每週六傍晚隨著我英最終季連載播映，就是玩具廠商公布新品的時候😂😂2026年2月10日上市 一番賞 我的英雄學院 -紡がれる想い- C賞 綠谷出久 & D賞 爆豪勝己，通通包軌！！！,2025-11-22 17:56:00,"好玩就好，瘋起來搞。
官方頻道👇",business,skipped
ktplaystoy,KT叔叔公仔開箱,哇靠！木質的紙雕？欸不對，是木雕？😂😂Wooden Art ki-gu-mi 七龍珠《神龍/牛魔王的車/藍琪的單輪摩托車/布魯瑪的膠囊N0.9摩托車》3D工藝藝術,2025-11-22 16:30:00,"好玩就好，瘋起來搞。
官方頻道👇",business,skipped
ktplaystoy,KT叔叔公仔開箱,我的英雄學院 最終季第8集 今天17:30開播🔥,2025-11-22 13:52:00,"好玩就好，瘋起來搞。
官方頻道👇",business,skipped
ktplaystoy,KT叔叔公仔開箱,最近的寶可夢一番賞蠻讚的，不過那個三麗鷗賞好像更讚…,2025-11-21 23:16:00,"好玩就好，瘋起來搞。
官方頻道👇",business,skipped
ktplaystoy,KT叔叔公仔開箱,我的英雄學院 最終季系列公仔 綠谷出久一番賞的小賞視覺板 非常無敵之舒適😌,2025-11-21 22:14:00,"好玩就好，瘋起來搞。
官方頻道👇",business,skipped
ktplaystoy,KT叔叔公仔開箱,一番賞 海賊王 未來島～Burst of Energy～ABC賞解說～,2025-11-21 19:01:00,"好玩就好，瘋起來搞。
官方頻道👇",business,skipped
ktplaystoy,KT叔叔公仔開箱,配率出爐🔥 一番賞 七龍珠 40週年～其之二～ 2025/12/27日本上市！這次公仔賞的設計結合了漫畫的經典畫面，大家最想收哪幾隻呢？,2025-11-21 15:24:00,"好玩就好，瘋起來搞。
官方頻道👇",business,skipped
ktplaystoy,KT叔叔公仔開箱,好久不見的MSP系列沒想到會以這樣的方式重新登場！ONE PIECE X NBA跨界合作的魯夫公仔，第一波推出穿上六支NBA球隊衣服的魯夫，太燒了呀🔥🔥🔥,2025-11-21 14:17:00,"好玩就好，瘋起來搞。
官方頻道👇",business,skipped
ktplaystoy,KT叔叔公仔開箱,ONE PIECE X NBA跨界合作 MASTER STARS PIECE 12/5在東京ONE PIECE BASE SHOP先行販售登場！共有六款，每一款售價9900日圓。,2025-11-21 14:09:00,"好玩就好，瘋起來搞。
官方頻道👇",business,skipped
ktplaystoy,KT叔叔公仔開箱,ONE PIECE X NBA 跨界合作，12月在東京的ONE PIECE BASE SHOP登場！！,2025-11-21 14:04:00,"好玩就好，瘋起來搞。
官方頻道👇",business,skipped
ktplaystoy,KT叔叔公仔開箱,11月20日，是《七龍珠》漫畫開始連載的週年紀念。,2025-11-21 13:53:00,"好玩就好，瘋起來搞。
官方頻道👇",business,skipped
ktplaystoy,KT叔叔公仔開箱,速報🔥 一番賞 七龍珠 40週年～其之二～全獎賞解禁！！大家看看這套獎賞如何呢～🤔🤔,2025-11-20 16:12:00,"好玩就好，瘋起來搞。
官方頻道👇",business,skipped
ktplaystoy,KT叔叔公仔開箱,"我的英雄學院 竟然出這張金卡！！附上雙面都可以欣賞的專用展示架！！在日本即日起開放預訂，2026/1/9截止，定價39,600日圓。",2025-11-20 15:57:00,"好玩就好，瘋起來搞。
官方頻道👇",business,skipped
ktplaystoy,KT叔叔公仔開箱,一番賞 七龍珠 Snap Collection 2 眾多小賞們，這些除了七龍珠吊飾以外…感覺比較沒有新意一點😂,2025-11-20 12:24:00,"好玩就好，瘋起來搞。
官方頻道👇",business,skipped
ktplaystoy,KT叔叔公仔開箱,一番賞 七龍珠 Snap Collection 2 LO賞未成年飆車,2025-11-20 12:18:00,"好玩就好，瘋起來搞。
官方頻道👇",business,skipped
ktplaystoy,KT叔叔公仔開箱,#一番賞 #七龍珠 Snap Collection 2 D賞小悟飯,2025-11-20 12:09:00,"好玩就好，瘋起來搞。
官方頻道👇",business,skipped
ktplaystoy,KT叔叔公仔開箱,一番賞 七龍珠 Snap Collection 2 C賞老頭子尬車,2025-11-20 11:55:00,"好玩就好，瘋起來搞。
官方頻道👇",business,skipped
ktplaystoy,KT叔叔公仔開箱,一番賞 七龍珠 Snap Collection 2 B賞小悟空：我要成為海賊王（喂～,2025-11-20 11:18:00,"好玩就好，瘋起來搞。
官方頻道👇",business,skipped
ktplaystoy,KT叔叔公仔開箱,一番賞 七龍珠 Snap Collection 2 A賞孫悟空&琪琪の婚禮尬車，我好想要啊😭😭😭,2025-11-20 11:16:00,"好玩就好，瘋起來搞。
官方頻道👇",business,skipped
ktplaystoy,KT叔叔公仔開箱,七龍珠超 10週年紀念版 孫悟空自在極意功&孫悟飯 最強親子龜派氣功 MASTERLISE - OUTSIDE，日本定價12000日圓，感覺很俗啊！！！,2025-11-19 19:44:00,"好玩就好，瘋起來搞。
官方頻道👇",business,skipped
ktplaystoy,KT叔叔公仔開箱,一番賞 幽遊白書 闇黑武術會vol.2 拍攝完成，等我的全開箱影片吧～,2025-11-19 18:15:00,"好玩就好，瘋起來搞。
官方頻道👇",business,skipped
ktplaystoy,KT叔叔公仔開箱,一番賞 幽遊白書 闇黑武術會vol.2 全開箱預備備～大家到時候開箱影片見餒～,2025-11-19 15:39:00,"好玩就好，瘋起來搞。
官方頻道👇",business,skipped
ktplaystoy,KT叔叔公仔開箱,我的英雄學院 最終季角色型態 魂商店 登場！大家預購了哪幾隻呢？叔叔只有忍不住預購裝甲歐叔😂😂,2025-11-19 15:31:00,"好玩就好，瘋起來搞。
官方頻道👇",business,skipped
ktplaystoy,KT叔叔公仔開箱,收到粉絲送我的自製一番賞禮盒，就當我感動到快流出第一滴淚的時候…,2025-11-19 14:26:00,"好玩就好，瘋起來搞。
官方頻道👇",business,skipped
ktplaystoy,KT叔叔公仔開箱,今年12月開始陸續推出的三小強小時候景品應該是蠻高CP值的，不然依照目前我英動畫造成的熱度，一番賞的小時候系列應該是貴了…🥹🥹,2025-11-19 13:11:00,"好玩就好，瘋起來搞。
官方頻道👇",business,skipped
ktplaystoy,KT叔叔公仔開箱,一番賞 七龍珠 40週年其之一的E賞小公仔真的蠻棒的，以原作漫畫為概念，立體化成破格畫框公仔的風格，尺寸比預期還要更大，做工更是比之前一番賞的小公仔都更為細膩，真的非常值得收藏！,2025-11-18 23:39:00,"好玩就好，瘋起來搞。
官方頻道👇",business,skipped
ktplaystoy,KT叔叔公仔開箱,"打格鬥天王一定要選八神庵的請舉手🙋‍♂️THE KING OF COLLECTORS’24 八神庵 一般版，約18cm高，參考售價為19,800日圓（含税），預計2026年10月31日發售。",2025-11-18 15:21:00,"好玩就好，瘋起來搞。
官方頻道👇",business,skipped
ktplaystoy,KT叔叔公仔開箱,"哎唷特典的部分好像很讚欸🤯🤯 THE KING OF COLLECTORS’24 草薙京 一般版，約18cm，售價：19,800日圓（含税），預計發售日為2026年10月31日。",2025-11-18 15:16:00,"好玩就好，瘋起來搞。
官方頻道👇",business,skipped
ktplaystoy,KT叔叔公仔開箱,喜歡老布羅利的，這隻明年5月上市的GXmateria記得預購，四百塊的布羅利，應該沒有比這隻更猛的選擇了…🤔🤔,2025-11-18 13:16:00,"好玩就好，瘋起來搞。
官方頻道👇",business,skipped
ktplaystoy,KT叔叔公仔開箱,"我的英雄學院 Logo壓克力牌EX 再販1650日元（含稅）2025年11月18日（星期二）上午10:00開始預購，預計出貨時間為2026年1月。
台灣沒有🥲🥲🥲",2025-11-18 13:07:00,"好玩就好，瘋起來搞。
官方頻道👇",business,skipped
ktplaystoy,KT叔叔公仔開箱,糙灰搭的荼毘… 沒想到景品會出這個😅😅,2025-11-18 13:00:00,"好玩就好，瘋起來搞。
官方頻道👇",business,skipped
ktplaystoy,KT叔叔公仔開箱,我～是～立～牌～王～,2025-11-18 12:26:00,"好玩就好，瘋起來搞。
官方頻道👇",business,skipped
ktplaystoy,KT叔叔公仔開箱,欸欸欸，新色再販，太犯規了啦～害我又要再買一隻安太座了😂😂這珠光漆加星星底座真的好讚🤩🤩,2025-11-18 11:39:00,"好玩就好，瘋起來搞。
官方頻道👇",business,skipped
oppsati_,oppsati_,"12月要過的開心
但願能在2025年有一個好的結尾",2025-12-02 22:48:00,想紀錄我的心情,pass,low_depression_risk_user
oppsati_,oppsati_,我好想放棄,2025-12-01 02:32:00,想紀錄我的心情,pass,low_depression_risk_user
oppsati_,oppsati_,發給我自己看 心暖暖的 晚安,2025-11-28 02:24:00,想紀錄我的心情,pass,low_depression_risk_user
eaxyyxae,SHOU,對不起我真的對不起😃,2025-12-02 22:53:00,"我是來自光之國M78星云的
光之奧特曼
我的使命就是拯救大家的頭毛
讓我們迎向更美更光明的自己",not_enough_posts,skipped
nikumann.jp,肉まん 肉包｜日本代購,"分享第一二批社群到貨的透明磚盲抽- ̗̀꒰ᐢ • ˕ • ᐢ꒱ ̖́-
這塊真的好值得買 做工超豪！！
第三批開團中 因為磚比較重所以直接以台幣計價
𝟑𝟏𝟎/𝟏抽 含國際運費 官方12月上旬出貨🚚",2025-12-02 17:25:00,"一顆東京在住的肉包
請找我代購讓我有錢活下去(ㅅ ;ᯅ; )‬
大部分是二次元、扭蛋或沒用的可愛廢物
永久開放許願中🎋",business,skipped
nikumann.jp,肉まん 肉包｜日本代購,"公告🪧
上週寄了一大批回台灣結果清關完卡在物流
:¯ᯅ¯: 
我們明白大家想趕快收到周邊的心情，也很謝謝大家能體諒我們
若您是11/10-17期間結帳的客人（少數客人為此日期之前）此批貨可能會延至下週才能出貨，屆時我們會補上一次免運券以感謝您的耐心等待
雖然在這感性可能不多人看到，但我真的很謝謝每一個願意相信我們的客人，也很高興可以跟社群的大家聊天•̥ ˍ •",2025-11-27 09:09:00,"一顆東京在住的肉包
請找我代購讓我有錢活下去(ㅅ ;ᯅ; )‬
大部分是二次元、扭蛋或沒用的可愛廢物
永久開放許願中🎋",business,skipped
nikumann.jp,肉まん 肉包｜日本代購,"浴衣展✿✿✿
現場東西剩好少 現在大概只能接徽章跟吊飾盲抽惹
不過官方說事後會開通販！！好的東西值得等待
/ᐠ - ˕ -マ੭",2025-11-26 15:38:00,"一顆東京在住的肉包
請找我代購讓我有錢活下去(ㅅ ;ᯅ; )‬
大部分是二次元、扭蛋或沒用的可愛廢物
永久開放許願中🎋",business,skipped
qwer1122331122,qwer1122331122,"陪乾爹做了2晚、崩潰4次
今天終於拿到手了哈哈哈哈
感覺一切都是值得的
但是我朋友說我虧了
可是這是我的取款機啊
沒有辦法啊😰😰😨",2025-12-02 14:10:00,梗图放不停🧐🧐,not_enough_posts,skipped
qwer1122331122,qwer1122331122,幹！這對剝皮患者太不友好了吧？,2025-12-01 21:07:00,梗图放不停🧐🧐,not_enough_posts,skipped
_xuan613_,𝑿𝒖𝒂𝒏⸝⸝⸝,"蕈菇雞腿堡沒有蕈菇？
打電話問他 他說蕈菇是蕈菇醬😀？",2025-12-02 17:35:00,,not_enough_posts,skipped
