username,display_name,post_content,post_date,bio
eating_map,海寶玩具x日本連線代購🇯🇵,"大補貨啦各位！爆豪徽章個人池還有幼馴染大貼紙上架🥺
拼圖也補貨囉！
偷偷預告最近會有最新爆豪個人立牌喔
@wakuwaku_toys
@wakuwaku_toys",2025-12-05 19:32,"逛逛蝦皮｜shopee.tw/leaf04520
逛逛實體店｜逢甲崩潰潮玩071格、挖庫哇酷C09格"
eating_map,海寶玩具x日本連線代購🇯🇵,"原畫展的拼圖可以拼成這樣，真的超好看！還可以用裡面附的珠珠鏈做成吊飾
格子還有很多拼圖現貨（賣完也還會補！）
快來
@wakuwaku_toys
@wakuwaku_toys
C09格帶拼圖回家🥰",2025-12-04 19:27,"逛逛蝦皮｜shopee.tw/leaf04520
逛逛實體店｜逢甲崩潰潮玩071格、挖庫哇酷C09格"
jwst413,翁士庭,真的好白癡,2025-12-05 12:03,NTNU HIST
jwst413,翁士庭,"再次重申
臭豆腐我只服龍潭三皇路的那間",2025-12-05 10:10,NTNU HIST
jwst413,翁士庭,喔喔喔喔喔喔喔喔喔喔喔喔喔,2025-12-05 00:08,NTNU HIST
zeng.nj,B͓̽,剛發現一些新歌 好喜歡這段🥵🥵❤️,2025-12-05 23:53,捨不得揍我自己
wnkaii,Dr Kai Wan 萬,"為期四個月的心臟科輪轉結束啦🫀🤍 期待下個挑戰
醫生日常",2025-12-05 22:21,"Taipei / Paris / London 🇬🇧🩺🧑🏻‍⚕️
RED @ KAI 恺
💌 _procrastinali_"
gabrielnqu,Izard Parrow,這週廣播是KAJI來賓，我是很想吐槽大輝你整個頭都靠上去了啦😂😂😂😂😂,2025-12-05 17:04,堀越先生の書く本誌以外公式だろうがアニメも全て二次創作というmindです。
gabrielnqu,Izard Parrow,太多了😂,2025-12-05 12:04,堀越先生の書く本誌以外公式だろうがアニメも全て二次創作というmindです。
0310roger,洪睿浚,情報分享明年這套真的很令人期待，而且還有SOFVIC的小公仔這個系列我超喜歡期待實體。,2025-12-05 18:11,公仔人 老宅
0310roger,洪睿浚,你可以不買，但一定要告訴我你的名字,2025-12-04 18:14,公仔人 老宅
0310roger,洪睿浚,"獵人收藏分享End，今天來把他po完還有一些零散的就不放了，因為我懶得另外拿出來拍照
另外這次選舉篇的奇犽原型真的很頂，獵人粉必收。",2025-12-03 18:08,公仔人 老宅
nenuyney,Yen,"感覺全世界都在偶遇ADP⋯⋯狠狠羨慕😭
此時此刻真的好想回台灣 甚至有CORTIS😭
只好拿出之前跟榮書寶寶的合照安慰自己⋯⋯
真的是此生最近的距離(  ᵒ̴̶̷̥́ _ᵒ̴̶̷̣̥̀ ) 空氣都香香的⋯",2025-12-05 23:45,我只是一隻小猴ㄗ 目前住巴黎 廢話很多🙂‍↔️
nenuyney,Yen,"GD跟CDG3的聯名要來啦🤩🤩🤩
我真的要瘋掉 沒想到龍哥跟公司還可以搞這齣🐉
絕對是入社以來最幸福的事情之一🥹😭
只能說這次聯名很精彩⋯⋯我也要搶！！😩❤️‍🔥",2025-12-05 19:31,我只是一隻小猴ㄗ 目前住巴黎 廢話很多🙂‍↔️
nenuyney,Yen,"Any recommendations for Tallinn and Helsinki !
大家好我週末要去塔林（愛沙尼亞🇪🇪）
跟赫爾辛基🇫🇮（第二次去 上次被無聊到了不知道現在有聖誕市集會不會好玩一點（？🎅🏻🎄）
有什麼推薦必吃的餐廳或是必去的地方嗎.ᐟ.ᐟ🤩
（因為塔林有點冷門查不到太多資料 想說上來問問
提前感謝回覆的大家 聖誕快樂🎅🏻❤️‍🔥 你們都是👼🏻",2025-12-03 06:38,我只是一隻小猴ㄗ 目前住巴黎 廢話很多🙂‍↔️
ktplaystoy,KT叔叔公仔開箱,2026年5月這組我的英雄學院新的景品…看起來有點…七龍珠大魔…那個二人組的…那種…即視感…希望只是圖不夠優…😂😂,2025-12-05 23:23,"好玩就好，瘋起來搞。
官方頻道👇"
ktplaystoy,KT叔叔公仔開箱,"欸還來啊～逼人收齊是吧🤔把原本白色的部位都改成珠光漆…好…到時候拍個對比給大家參考…
海賊王KING OF ARTIST MONKEY.D.LUFFY GEAR5 Ⅱ-SPECIAL ver.-",2025-12-05 19:29,"好玩就好，瘋起來搞。
官方頻道👇"
ktplaystoy,KT叔叔公仔開箱,"GXmateria儼然已成為七龍珠景品的細節做工代表…知名原型師varoq出品絕對妥妥的👍
2026年5月上市",2025-12-05 12:57,"好玩就好，瘋起來搞。
官方頻道👇"
jennifer__yx,𝗝𝗲𝗻𝗻𝗶𝗳𝗲𝗿,趙雨凡！靠你了！快帶弟弟們去爆吃！🤤,2025-12-05 18:42,
jennifer__yx,𝗝𝗲𝗻𝗻𝗶𝗳𝗲𝗿,"趙雨凡回家了！！！！🥹
Janana 也回家了！",2025-12-05 16:41,
jennifer__yx,𝗝𝗲𝗻𝗻𝗶𝗳𝗲𝗿,"天啊‼️小雨凡真的好可愛🥰
那個小奶音🫠",2025-12-02 10:25,
ywfactory2318,崴,"終於可以見到Cortis
我好興奮啊啊啊啊啊啊啊",2025-12-06 00:47,isfj （＾Ｏ＾☆♪･*:.｡..｡.
ywfactory2318,崴,"寫筆記寫到手痛到快拿不起筆
幸好後天就要考日檢了🫠",2025-12-05 18:22,isfj （＾Ｏ＾☆♪･*:.｡..｡.
ywfactory2318,崴,"昨天花了十分鐘跟阿榕討論
怎麼讓貓咪進考場幫忙代考",2025-11-28 15:57,isfj （＾Ｏ＾☆♪･*:.｡..｡.
ywfactory2318,崴,"最近兩個月一邊唸日文一邊聽的歌
推一個
youtu.be/3_ARR…",2025-11-28 15:47,isfj （＾Ｏ＾☆♪･*:.｡..｡.
jia__0307,毓珈,"吃飽飯來7-11閒晃一下結果遇到ADP⋯⋯😻
Tarzzen 跟 Bailey超級親民還買飲料跟餅乾請大家⋯⋯我愛高雄⋯高雄的空氣非常香😻",2025-12-05 23:31,醫院賣肝
jia__0307,毓珈,今天的脆打開全部都是機場路、義享天地、六合夜市,2025-12-05 20:52,醫院賣肝
jia__0307,毓珈,"2025的大轉變 
從聽團人轉型（？）微微韓團人
終點⋯這麼快⋯就到了嗎⋯⋯",2025-12-03 22:42,醫院賣肝
sylvia21131,郁馨ユシン,"下班衝去芙莉蓮的快閃店
想要的周邊卡賣完😭，幸好A3海報還有幾張
全員都好好看😭",2025-12-05 19:23,"🇹🇼➡️🇯🇵
在日造型師一隻，編髮找我，INFP🥺
繁中100%、日本語80%、英語20%、座標東京
佛系工作狀態"
sylvia21131,郁馨ユシン,"朋友送的立體貼紙🥹😍
加工做一堆可愛的
先說是自用送人不是販賣",2025-12-05 00:30,"🇹🇼➡️🇯🇵
在日造型師一隻，編髮找我，INFP🥺
繁中100%、日本語80%、英語20%、座標東京
佛系工作狀態"
yechuanlin,野川磷,"每天睡覺起來看到都很快樂ㄉ我☺️
上次盯著看太久我妹經過
妹：……你在幹嘛……😧
我：我在欣賞他們的美貌🥹",2025-12-05 17:07,這邊不定時亂發，基本上都在噗浪活動
yechuanlin,野川磷,"跟夜良
@greenrivernight
@greenrivernight
一起出國前發瘋，有朋友一起畫圖好好嘿嘿嘿……😍帶著到處拍，還做了證件照剛好可以放到片片的壓克力裡w主打一個印好印滿🤩
illust
💚：野川
🧡：夜良
@greenrivernight
@greenrivernight",2025-12-05 16:29,這邊不定時亂發，基本上都在噗浪活動
yechuanlin,野川磷,"之前跟夜良在東京巨蛋迷路老半天
找不到jump shop 門口🤪
那時去天氣超好的啊！！！
這兩個寶寶也是有去看過咖醬銅像的啦🥰",2025-12-05 08:37,這邊不定時亂發，基本上都在噗浪活動
yechuanlin,野川磷,"剛剛突然發現……我在、再不分🥹
老師對不起，我先扣10分+訂正",2025-12-04 17:03,這邊不定時亂發，基本上都在噗浪活動
c_celia1105,鱈魚君,（窩）沒有呼吸了 . . . . . . . . . _(:_」∠)_,2025-12-06 00:51,(っ﹏-) .｡o 🪫 《 僕のヒーローアカデミア 》 🔋٩(๑òω ó๑)۶
c_celia1105,鱈魚君,"呼吸 . . . . . . . . （指自己
和在座各位",2025-12-06 00:25,(っ﹏-) .｡o 🪫 《 僕のヒーローアカデミア 》 🔋٩(๑òω ó๑)۶
c_celia1105,鱈魚君,這臉莫名成年💥,2025-12-05 23:46,(っ﹏-) .｡o 🪫 《 僕のヒーローアカデミア 》 🔋٩(๑òω ó๑)۶
