username,display_name,post_content,post_date,bio,matched_keyword,gemini_account_type_result,human_account_type_result
healspirithk,Heal Spirit,"今日同一個曾經患中度抑鬱症嘅康復者傾偈，佢分享咗一個click中我個腦嘅point想同大家分享。我諗9成嘅人，包括我自己，都有個誤解就係以為開導抑鬱症病人係要同佢傾下點解會發生呢個病、幫佢諗解決辦法、叫佢唔好諗咁多⋯其實所有嘅討論都只會加重佢哋嘅唔開心，個腦更加不斷loop啲負面嘢，越傾越emo。
最好嘅做法竟然係同佢哋講無聊嘢！佢哋全日個腦已經跌咗落個漩渦，反而同佢哋傾生活一啲無關痛癢嘅事，講下啲八卦可以分散到佢哋嘅注意力，唔再時時刻刻focus唔開心嘅情緒。￼
我再反思其實有時我以為開導咗有情緒病嘅人，其實反而係「幫倒忙」。除非佢哋去到有生命危險嘅情況，否則佢哋經歷緊up and down時，陪伴喺佢哋身邊，得閒無聊搞下gag，令佢哋知道你一直喺旁邊，已經係最大嘅動力。",2024-06-05 00:28:00,"To heal the soul, embrace self-care🧘‍♀️ #每日一heal 
分享有關 #身心靈、#情緒、#精神健康、#能量、#命理 
香港🇭🇰生活資訊網上平台💬
希望都市人能夠以積極的態度正視心靈健康🙏🏻
傳媒聯絡/廣告/投稿👉🏻📧healspirithk@gmail.com",抑鬱症,not_enough_posts,
tamjanice,Janice Tam,抑鬱症真係好恐怖,2026-02-18 19:54:00,,抑鬱症,pass,
tamjanice,Janice Tam,"本身今日打算去大陸幾日 訂好晒酒店、
但我仔早上突然ASD ADHD 情緒失控、
攻擊我地 我老公見咁情況又發脾氣走左去
最後我唯有取消行程 
我情緒也不穩定 
我仔又不肯在家 我說你咁既狀況 我冇辦法比你出去！
現在我不知怎樣湊佢 很怕有事發生",2026-02-18 13:22:00,,抑鬱症,pass,
tamjanice,Janice Tam,食炒價,2026-02-12 09:01:00,,抑鬱症,pass,
tamjanice,Janice Tam,吉野家呢度$26即磨咖啡 好鬼抵,2026-02-12 09:00:00,,抑鬱症,pass,
jasonwu_0330,鄔奇聖,"她之所以是我最喜歡的歌手
是因為她唱歌時
有著我所看過最虔誠的眼神
現在竟然能面對面
凝視著她閃閃發亮的眼眸
感受著歌曲中所傳達的情緒
如夢似幻 做夢都夢不到這樣的情景
75分鐘連唱18首歌
一整晚都在觸手可及的位置
撲面而來的淡淡香氣
混著舞台燈光與美酒
那晚的悸動
將會被時間封存
永遠會留在我心中
/
<偶然的春天>
偶然向我襲來 看見了春天的香氣
妳也隨之而來 遠方而來妳的香氣
這副歌詞
就是我第一次聽這女人唱歌時的心情寫照
/
她是GFRIEND 的主唱
是KPOP三代初期的第一Vocal
是出道年就拿下韓國史上第一個ost年榜前十的怪物
是詞曲雙絕的才女
是極度寵粉的偶像
是永遠虔誠對待音樂的歌手
那個在暴雨舞台上連摔8次骨折
卻仍然笑著爬起飆高音的女孩
是我最敬佩與折服的人生導師
更是那個
讓我第一次這麼強烈感受到
什麼叫作「看見春天香氣」的人
/
而如今
當門打開的那三秒再次浮現
我才明白為什麼會濕了眼眶
因為那不是單純的對視
那是長久以來
我在她歌聲裡得到的慰藉
具象化成為了現實
她依然用那雙虔誠的眼睛唱著歌
而我，很幸運地坐在第一排
見證了這一切",2026-03-02 11:58:00,"🔹ENFP 
🔹2000.03.30♈️
🔹FSSH 🔹NTPU ACC 🔹NCHU ACC",抑鬱症,not_enough_posts,
kot_lamlam,kot_lamlam,"（多謝大家會睇以下文字，因為我食藥副作用-手震到hihi而打）
我，是一位失業緊的護士，護士都是人，都是有情緒。2月中應上一份工作救人受傷，再受到語言暴力，我離職了。直到1星期多前，從台北回來，屋企有個多年嚟都踩低自己個囡的呀媽同成日問拎錢。
10日前，情緒波動，5日前，突然好想做「空中飛人」，第二晚仲第一次發左女朋友好大脾氣，意識到自己出左問題，去揾醫生求醫🧑🏻‍⚕️
3日前，證實患上Depressive disorder 抑鬱症。
女朋友，是一位中醫師👩🏼‍⚕️一個EQ高又溫柔的女生。
今晚，女朋友講左一段令我好感動的話：
唔需要睇幾多書講點樣陪有情緒病的另一半
唔需要機械人咁同你講要用1234既方式 
只要陪伴，讚賞，俾高情緒價值我女朋友💕
你已經好叻女☺️發生左一個多星期，意識到自己想做「空中飛人」會立即表達同自己去揾醫生🧑🏻‍⚕️願意食藥💊
盡量食野，手咁震出嚟都會化妝，又會每日寫低欣賞自己3件事。我好欣賞你喔❤️
👩🏼‍⚕️：我收工只係一個普通人，我同咩人一齊唔關任何人事，所以，你唔駛擔心覺得好似配唔起我。
呢個女朋友真係爆哂分😭🥹❤️",2026-03-10 00:16:00,👩‍❤️‍👩,抑鬱症,not_enough_posts,
kot_lamlam,kot_lamlam,"好多謝一班Threads友， 留言同我講血清素有咩副作用❤️
護士都係人，護士都係有爆炸嘅一日
呢兩個星期 沒有工作沒有收入之下 仲要嚟唔到M 屋企壓力下
不停負能量 直到尋晚 終於發咗 女朋友好大脾氣
嗰下終於醒覺，覺得自己情緒真係出現咗問題
雖然女朋友話唔緊要，但係 都唔可以 要佢每次承受 （我地認定為終身伴侶）
最終， 決定去睇醫生，Diagnosis: 抑鬱症
P. S. 醫生話開2星期，覺得我好mild，好快處理到
多謝大家的幫忙❤️❤️多謝女朋友既陪伴🥹💕",2026-03-07 17:40:00,👩‍❤️‍👩,抑鬱症,not_enough_posts,
mai.airy,閻琋,"憂鬱症自殺死掉的人不是自殺，
他們是病死的。",2025-10-10 05:59:00,"「𝑌𝑜𝑢’𝑟𝑒 𝑚𝑦 𝑑𝑒𝑠𝑡𝑖𝑛𝑦…」
𝑀𝑦 𝑑𝑒𝑎𝑟𝑒𝑠𝑡,𝐼’𝑙𝑙 𝑙𝑜𝑣𝑒 𝑦𝑜𝑢 𝑓𝑜𝑟𝑒𝑣𝑒𝑟.
𝑇ℎ𝑜𝑢𝑔ℎ 𝑝𝑎𝑠𝑠 𝑙𝑖𝑣𝑒𝑠,𝑝𝑟𝑒𝑠𝑒𝑛𝑡 𝑚𝑜𝑚𝑒𝑛𝑡𝑠,𝑝𝑎𝑟𝑎𝑙𝑙𝑒𝑙 𝑢𝑛𝑖𝑣𝑒𝑟𝑠𝑒 𝑎𝑛𝑑 𝑡ℎ𝑒 𝑓𝑢𝑡𝑢𝑟𝑒.
𝑌𝑜𝑢’𝑟𝑒 𝑎𝑙𝑙 𝑚𝑦 𝑑𝑒𝑠𝑖𝑟𝑒.",輕度憂鬱症,not_enough_posts,
depression_lan,憂鬱小生,"憂鬱症讓我
丟了學業，大學肄業
丟了工作，數度失業
丟了生命，數度垂危
花一生的時間都在失去
我們到底還能擁有什麼？",2025-04-14 15:20:00,🐋🌊隔水之地,輕度憂鬱症,not_enough_posts,
2.cynnua,2.cynnua,"人們常對抑鬱症患者說“
調整過來就好了
”常對焦慮症患者說“
不要想太多
”常對厭食症患者說“
你要好好吃飯
”，可這些就相當於對一個半身癱瘓的人說“
你要站起來啊
”",2026-01-12 20:26:00,"是不是我再漂亮一點脾氣再好一點大家就都會喜歡我 
好喜歡碎碎念 但每天都焦慮的要死 說好要天天開心也沒有
喜歡的話就追蹤 想到就會發一堆 不喜歡可以滑走 不用在留言區刷存感 單純發給自己看",焦慮症,not_enough_posts,
clumsyfox.yuki.in.progress,☃️YUKI❄️,"蠔><這次狐狐窩沒有崩潰，一切都很順利
其實是差一點點，狐狐壓力很大(✘﹏✘ა)
總之，狐狐看診斷證明確定ㄌ一些事情
1.躁鬱症（雙相）綁ㄉ死死的（畢竟有身障跟重大）
2.自閉症也是死死ㄉ（但這次還不知道什麼碼）
3.過動症又回來ㄌ(；д；)，而且他說窩不專注算特別嚴重
至少一切順利叭...焦慮症不標也沒關係，窩ㄉ焦慮症早就被躁鬱症ㄘ掉ㄌ...",2026-03-13 16:11:00,"​🐾｜是隻狐狸🦊 • 日常 • 閱讀 • 繪圖 • 病況 
❤️‍🩹｜ BD ‧ AuDHD ‧ GAD｜ 躁鬱症重大傷病  ‧  身心障礙
🌀｜躁鬱主病期：F31.63，重度混合發作(｡ŏ_ŏ)⛈️💫
-x-x-
🍀｜歡迎戳戳！窩也很想認識泥(≧ω≦)/！！",焦慮症,not_enough_posts,
cathong0726,底層喵喵-股票翻身,"3月11日周三，深夜
聊聊，（（記憶體））,,,
這次的漲，大概算第3波的漲勢，這次的漲升，我個人會在創高後，分批賣掉
威剛：：我幾天沒看，他大跌後，又大升。
南亞科：：這次的拉升，創高後，個人覺的，可以出掉，因為南亞科的技術沒那麼優
華邦電：：我還沒賣，創高後，會減碼
宜鼎：：說是邊緣ai的記憶體，股價噴的亂七八糟，群聯也有邊緣ai
阿，怎沒噴
群聯：：我的成本1850,,,,前面有貼單。上沖下洗的。大摩也來放空。今天收1890元。我一直在阿，被磨的精神分裂了。
中美晶：：真遜阿，算了，不說了，沒戰力的團隊阿
康霈6919：：這是賭場，你知我知。你騙我，我騙妳。這是零和遊戲嗎？？反正，來股市，多投資好公司，少賭博
附圖：：今天去豐原，元大說我下單超過5000萬了，我的對帳單要簽名，但我人沒在戶籍地。今天來補簽名，改成電子對帳單。就不用這麼麻煩了。
處理完後，來豐原的水岸公園走走",2026-03-12 00:49:00,"（師大）附中人:股市半個自營商，經過幾年股海戰鬥，可靠股息躺平。也算財富自由。左腦長投績優股，右腦3日波段短沖。我以前工作賺的錢，月底都被家人用光了，但是，我還是靠股票站起來了。目前筆耕免費文章，想幫底層朋友改變貧苦生活。
我不是分析師，我沒帶單，小心詐騙假裝是我，我私聊，都聊543",精神分裂,not_enough_posts,
cathong0726,底層喵喵-股票翻身,"3月11周三深夜
封測討論,,::（産能很缺）
日月光,,,欣詮,,京元電
京元電：：受惠gpu測試時間拉長。白話，吃到ai
日月光：：封測産能不足，漲價中，所有産品漲價中
3264欣詮：：主攻半導體測試，測試的産值增加
可以包牌，比如有10萬。日月光買5萬，京元電買3萬，欣詮買2萬
補充1：：如果你手上的股票套住，是好公司，就等解套吧。
補充2：：（金居）最近金居殺下去，妖股肉多，但主力也機車。金居是有基本面的。只好等（我前面賣掉有說過）
補充3：：台股有些股票，已經貴到不合理了。比如，旺矽和穎威,,本益比高到快100,倍，真有那個價嗎？？",2026-03-12 00:05:00,"（師大）附中人:股市半個自營商，經過幾年股海戰鬥，可靠股息躺平。也算財富自由。左腦長投績優股，右腦3日波段短沖。我以前工作賺的錢，月底都被家人用光了，但是，我還是靠股票站起來了。目前筆耕免費文章，想幫底層朋友改變貧苦生活。
我不是分析師，我沒帶單，小心詐騙假裝是我，我私聊，都聊543",精神分裂,not_enough_posts,
brookliao15,Brook Liao,看得台灣球迷精神分裂,2026-03-09 21:04:00,"🇯🇵🇹🇼✈️🐢
INTP ㅣ 投射者
Waseda University",精神分裂,not_enough_posts,
oxouii_novus,oxouii_novus,还记得第一次见逼逼的时候因为他老装逼 感觉线上线下完全两个人 精神分裂吗？害我调理大半个月。直到刷到这条我才想起我也是这样的人☺️,2026-03-12 12:41:00,只是东亚家长。,精神分裂,pass,
oxouii_novus,oxouii_novus,为什么会这么傻逼 我真的要跟你们🈹️席 好尼玛丢脸,2026-03-12 00:18:00,只是东亚家长。,精神分裂,pass,
oxouii_novus,oxouii_novus,我到底造了什么孽跟你们同担@并购,2026-03-12 00:17:00,只是东亚家长。,精神分裂,pass,
tiffany_220,Tɪғғᴀɴʏ Cʜᴇɴ❣︎,"整理了一些重複的周邊
金俊秀的粉絲可以來逛逛
myship.7-11.com.tw/gener…",2026-02-27 16:18:00,"俊秀知識+ 
٩(♡ε♡ )۶ 시아준수 🐿🍒🐥🐶
22年  🇹🇼코코넛 * ੈ✩‧ 샤샤샤
𝑓𝑜𝑟 𝑠𝑒𝑎𝑠𝑜𝑛 𝑓𝑜𝑟 𝑋𝑖𝑎𖤐",精神分裂,not_enough_posts,
gua826,FB粉專搜尋🔍賴呱呱-Doris,"不知道幾個月以來的第一次接觸人群
感謝我的兄弟姐妹們不厭煩的一直問我要出門嗎
焦慮症是太焦慮無法入眠
憂鬱症是一直沉睡
恐慌症是不定時發作的
任何憂鬱症焦慮症恐慌症的問題都可以問我
雖然是病友的交流，但希望可以幫助到病友們
一起戰勝這場病",2026-03-13 16:59:00,"我有神經病，請謹慎說話☺️ 168cm
這邊是神經病打廢文的小天地🧚‍♀️",躁鬱症,pass,
gua826,FB粉專搜尋🔍賴呱呱-Doris,"憂鬱症焦慮症恐慌症兩三年
突然想到會不會直接跟身心科醫師談個戀愛
直接藥到病除😂
老天鵝啊 難道去霞海城隍廟求月老要寫這種條件😂",2026-03-09 10:38:00,"我有神經病，請謹慎說話☺️ 168cm
這邊是神經病打廢文的小天地🧚‍♀️",躁鬱症,pass,
gua826,FB粉專搜尋🔍賴呱呱-Doris,"2/9之後我的人生每天都很開心
輕微腦震盪導致很多記憶很零碎
 吃了兩年半多的身心科藥
憂鬱症焦慮症恐慌症
2/28要振作起來的時候
整理一年多沒整理的豬窩
我又再度崩潰進急診了
我每天不怎麼離開房間
因為我該死的病
該死的我也不知道我為何生病
我已經保持的很良好的情緒了
這半年的陸續急診到不看診打完針就出院
常態了，因為我想回家
但是這個家沒有被我顧好
東有問題西有問題
我覺得我可能有病吧
我知道逆滲透知道補土知道刷油漆
還缺什麼請補上留言",2026-03-01 00:04:00,"我有神經病，請謹慎說話☺️ 168cm
這邊是神經病打廢文的小天地🧚‍♀️",躁鬱症,pass,
s3_corpion,小西👼,"躁鬱症/BPD/ADHD 已經三年了
會對大腦產生影響嗎",2026-03-11 01:31:00,"再等我一下就好了。
ISFP",躁鬱,not_enough_posts,
qiaodes,Qiao 喬,"最近我學到：
複雜性創傷 (CPTSD / Complex PTSD) 不是一次重大事件，是長期、反覆、難以逃離的壓力 / 微創傷。大腦的威脅系統被「長時間調校」，杏仁核變得過度敏感，前額葉的情緒煞車變弱，自律神經容易卡在戰／逃／凍結模式。
常見表現包括：情緒忽高忽低或麻木；過度警戒 (hyper-vigilance)；容易自責、覺得自己不值得；人際上過度付出或過度疏離；解離 (dissociation) 感覺世界不真實、記憶斷片 ；身體緊繃、失眠、腸胃不適。
這些反應是神經系統為了在過去環境中生存而形成的適應。當環境改變，舊程式仍在運作，就會讓人覺得「明明理性知道安全，身體卻不相信」。",2026-02-06 16:35:00,🌎 產品設計 @ 舊金山,PTSD,not_enough_posts,
qiaodes,Qiao 喬,"最近我學到：
長期習慣性情緒壓抑，會在神經層面形成「高控制、低情緒放行」的調節模式：前額葉持續抑制情緒中樞，使情緒振幅整體下降。這種抑制會連帶降低多巴胺與獎賞系統敏感度，減弱動機與愉悅感，同時讓自主神經系統偏向低喚醒節能狀態，造成能量下降與情緒灰度增加。結果是整體活力與情緒反應變鈍，抑鬱樣狀態風險上升。健康調節則強調情緒可被感受、被調整，並恢復基線，維持神經系統彈性。",2026-01-31 09:05:00,🌎 產品設計 @ 舊金山,PTSD,not_enough_posts,
solofater1717,solofater1717,"自律神經失調今年剛好滿3年了
所以從1月開始就決定一定要先努力調養好
目前都會持續散步.運動.有太陽就出去曬
也都保持只喝水不喝茶類飲料和咖啡類的
睡眠也盡量調整早點睡然後每天至少睡滿8小時
但是目前偶爾還是會有很多不穩定的情況
一直昏.一直疲累想睡.沒精神.眼睛酸澀.沒力
也沒有說到很嚴重心悸.胸痛.呼吸困難.恐慌爆發
但就是整個人感覺很折磨很不舒服🥲
我也就只能一直撐一直忍耐🥹
去閉眼一下躺休息一下都會稍微好轉一點
而且還有最近天氣溫度一降一升更特別容易影響我整體的狀態🫠
我現在是真的很想知道這症狀在調養的時候也都是這麼折磨嗎?我總以為會是一天比一天好
我想知道我目前這樣努力調養是會好起來的嗎🥹
在這裡請教各位大大🥺🙏🏻",2026-02-03 19:49:00,"一個剛出社會的人(?
這裡就是抱怨自己工作的地方",自律神經失調,not_enough_posts,
solofater1717,solofater1717,"怎感覺104.1111.小雞都一樣一堆幽靈職缺
很多看起來都不太缺的🫠
我甚至還親自打電話去問了蠻多的
很多回覆都是說之後看過履歷會再回覆
結果後面根本也是連看都沒看啊
不然就是直接說沒缺會馬上關掉的
還要我打過去才會肯關是怎樣
真的好難找一個合適工作只能一直持續待業了😮‍💨",2026-01-22 18:04:00,"一個剛出社會的人(?
這裡就是抱怨自己工作的地方",自律神經失調,not_enough_posts,
a281393,Chia Chen Lu,"回顧2025年，我在5月之後身體狀況越來越差
一直有人發現我的手在抖，但我一直都沒有當一回事，直到自己發現手抖的真的很厲害才覺得不對勁
失眠和白天精神不濟的狀況越來越嚴重，我才意識到醫生開太多藥給我，我每天吃十種藥，副作用負擔太大，不斷跟醫生反應我的身體狀況，醫生甚至懟我你就是自律神經失調，你整個腦袋都失調，讓我決心要換醫生
精神越來越差一直撐到8月離職，休息加上換醫生尋求減藥，新的醫生很積極的幫我換藥讓我恢復，花在這一個月我想辦法把自己調整好
我很幸運在休息階段新的工作就來了，在我休息完之後可以銜接上，這邊真的由心感謝生命中的貴人
現在身體狀況好很多，減藥到剩四顆藥
工作上跟大家相處很快樂，也慢慢適應
2025年最有成就感的事情是投資績效最高到37%
希望新的一年一切都順順利利的🥰",2026-01-02 00:52:00,"米蟲找不到人生方向
-
-
台東女中/ 彰師大 企管系/ 台師大 管研所
TGSH/ NCUE BA / NTNU MBA",自律神經失調,not_enough_posts,
mom.suisuinian,mom.suisuinian,"焦慮、自律神經失調、恐慌、憂鬱已經成為這世代的文明病，以前看似距離很遙遠
自以為理解這些問題只要「不要想太多」就沒事
都是杞人憂天（確實一部分是）
但被社會化後
經歷了婆媳、育兒、婚姻、職場的摧殘（？
慢慢的自己也步上這條路
我自己是一陣一陣的
發作時可以維持幾個月
又可以好幾年都沒事
最近又開始了，也影響到生理
一開始喘不過氣、呼吸不順
誘發頭痛胸悶差點以為自己要昏倒
下班回到家立刻拿出塵封已久的鎮定藥
雖然説吃了過沒多久有海闊天空的感覺
但還是不想仰賴藥物
想問問有同症狀的大家，除了運動、吃藥
有什麼有效的方式可以適當的改善呢？🥹🥹
#焦慮症 #自律神經失調",2025-10-28 23:59:00,,自律神經失調,not_enough_posts,
proud.ofitype,我是I我驕傲,"自律神經失調的修復旅程｜#臣服好難但有用
剛開始嚴重失調時，歷經了很難接受的過程，
難以接受好好的怎麼會有恐慌呢？
身體怎麼會沒由來的不舒服，甚至到了無法上班、搭大眾交通工具、這些很正常的生活方式都變得困難，要怎麼接受？
然後心情影響身體惡性循環讓失調更加重，後來對於接受和臣服我有了另外的體悟，
所謂的臣服，並不是手無縛雞之力被動接受，而是你知道事情就是發生了。
但即使如此，你仍然有能力做出選擇與調整，
而換來的是讓心可以在這些不如預期或變動下獲取一些安定，心安神經和情緒波動就小，人就安",2026-03-11 22:06:00,"曾有嚴重的自律神經失調和問天問地問為何是自己的身心崩潰歷程，工作、生活被迫停下休息，分享陸續這幾年走向修復已回到如常生活，自身使用有幫助的舒緩方法和其實你並不孤單的心理支持，也記錄在低谷中照見身心與自我對話療癒練習。
🔸分享以個人經驗為主，非專業醫療建議。
🔸若有任何不適，請務必尋求醫療協助。",自律神經失調,not_enough_posts,
proud.ofitype,我是I我驕傲,"自律神經失調的修復旅程｜#話可以好好講
因為經歷過失調，知道自己的原廠性格容易受到他人言語和情緒產生內耗而堆積傷身，在這一課除了學習到減少對外在世界的反應外，也開始有意識的提醒自己話好要好好講。
因為你不知道你的話可能會造成他人一整天或是更長遠的不開心，己所不欲勿施於人，
不喜歡這樣被對待，就也不該如此對待他人。
或是無法改變他人，
但可以決定自己想要成為怎樣的人。",2026-03-10 21:51:00,"曾有嚴重的自律神經失調和問天問地問為何是自己的身心崩潰歷程，工作、生活被迫停下休息，分享陸續這幾年走向修復已回到如常生活，自身使用有幫助的舒緩方法和其實你並不孤單的心理支持，也記錄在低谷中照見身心與自我對話療癒練習。
🔸分享以個人經驗為主，非專業醫療建議。
🔸若有任何不適，請務必尋求醫療協助。",自律神經失調,not_enough_posts,
island_meridians,經絡藏寶圖創辦｜澎湖｜雷咪,"自律神經失調常常伴隨著恐慌和焦慮
有時候連我們到底在怕什麼？擔心什麼？
我們自己都不知道🫠
後來我發現！
我是怕面對自己
面對自己那個自己都不喜歡的樣子
習慣性的把自己不喜歡的藏起來
因為這樣就海闊天空
久而久之
藏起來的那些東西
變成了我們的心魔 好像妖魔鬼怪拍咪呀
成為我們承受不了的壓力和負擔
從而造成了身心的失衡 以及自律神經的失調
不怕不怕
不需要收驚 不需要求神問卜
我們需要的
是勇敢地面對那個我們以為很不堪的自己
這樣而已
我在這裡陪你
把我知道的都告訴你
#自律神經失調",2025-11-04 23:44:00,"原來經絡調理師也會自律神經失調
原來不用吃藥自律神經失調也會痊癒
所以我立志：
成為自律神經失調的你們最溫柔的陪伴
分享我經歷的一切&我覺得最有效的方法",自律神經失調,not_enough_posts,
mentholyang,Hallelujah  Yang 楊天祐,"親愛的耶穌
請醫治好我思覺失調症的正負性症狀",2026-01-08 10:25:00,快樂的姐姐,思覺失調,not_enough_posts,
cphk_apple,Apple,"作為臨床心理學家，我哋經常與client 談及情緒，亦經常喺面談之中帶出以下幾點：
1️⃣情緒本身冇對錯，佢哋只係信號，提醒我哋有嘢發生緊。
2️⃣情緒有功能，例如驚係保護，嬲係界線，唔開心係損失提示。
3️⃣壓抑情緒唔等於解決問題，反而令身心長期繃緊。
4️⃣情緒唔一定要「搞掂」，有時只係需要被感受同陪伴來過渡。
5️⃣情緒背後往往隱藏你真正重視嘅嘢，留意佢哋，你會更加了解自己。
共勉之🤗",2025-07-15 23:14:00,"From cabin crew ✈️ to clinical psychologist 👩🏻
香港臨床心理學家",適應性障礙,not_enough_posts,
dai_wenlin,Summer 🌻,"失眠兩夜了⋯昨晚又都沒睡⋯
想睡個覺都這麼難的嗎？
別吵了好嘛！！",2026-01-21 11:04:00,"如果有人寵那就做個幸福的小女人
如果没有那我就做個堅强的女漢子",失眠,not_enough_posts,
cattie.c,ⒸⒶⓉⓉⒾⒺ🐱,"乙定有人跟我一樣收假前時差還沒調回來
沒什麼
我只是在找失眠同溫層🫩",2026-02-23 00:49:00,"純種台灣客家人
Instagram比較精彩",失眠,not_enough_posts,
cattie.c,ⒸⒶⓉⓉⒾⒺ🐱,"這是我今天在裕隆城吃的晚餐
以百貨公司來說價位不算高
但是！！！！
玉米筍沒煮透，菜味超重
（我知道可以生吃但就是想吃熟的啊！）
蘿蔔沒煮透，心還是白的
店家怎麼可以傷蘿蔔愛好者的心💔",2026-02-22 00:49:00,"純種台灣客家人
Instagram比較精彩",失眠,not_enough_posts,
a0960250992,鄭竩潔,又失眠了～翻來翻去😩😩,2026-02-19 01:57:00,慎 靜 獨 默 💕,失眠,not_enough_posts,
a0960250992,鄭竩潔,剩幾天過年～但怎沒過年的感覺😄,2026-02-12 06:56:00,慎 靜 獨 默 💕,失眠,not_enough_posts,
jenny_wu0119,Jenny Wu,要四點了我依然失眠中,2026-02-19 03:43:00,傻大姐一枚,失眠,not_enough_posts,
jenny_wu0119,Jenny Wu,"我真的很難受睡不著的日子
連續性的睡不著我真的受夠了此時的我誰能懂？",2026-02-19 01:29:00,傻大姐一枚,失眠,not_enough_posts,
hopeblue2020,hopeblue2020,🫠又失眠，越夜越精神,2026-03-12 01:18:00,🇲🇴👀,失眠,not_enough_posts,
hopeblue2020,hopeblue2020,"攰到唔想擘大眼
就合埋眼聽音響🎧
雖然搵路有啲可怕
但搵到就有驚喜🥰
you never know what's around the corner",2026-03-04 14:07:00,🇲🇴👀,失眠,not_enough_posts,
iam_hagumi,はぐみ,"沒關係偶就看偶什麼時候能睡著😀
恨失眠",2026-03-04 02:06:00,"這裡是咕咪的基地
我想發什麼就是什麼👍
很多小廢文呦🤣",失眠,not_enough_posts,
_aries_ovo,_aries_ovo,"有冇人咁夜都未訓，失業第4個月
每晚失眠到四點
每日起身都唔知有咩做
失業失眠失戀一次過
感覺快要撐不下去了。。。",2026-03-12 02:36:00,,失眠,not_enough_posts,
dogi._.2,肚吉餓,"吞兩顆鎂 07:57我還在失眠==
有沒有幫助入睡的方法 我要瘋了",2026-03-03 07:57:00,,失眠,business,
dogi._.2,肚吉餓,吃了鎂 還睡不著 完蛋,2026-02-27 07:08:00,,失眠,business,
dogi._.2,肚吉餓,居酒屋：尋高雄酒商,2026-02-22 17:42:00,,失眠,business,
toby_11.10,Toby,失眠，已失業一個月多,2026-03-09 04:05:00,,失眠,not_enough_posts,
toby_11.10,Toby,等車中。。。去一個不遠的旅行,2026-02-23 14:56:00,,失眠,not_enough_posts,
alan_0825_,Zhang Alan,"吵架的態度最能看清男人
不愛你的男人吵架都是不哄不道歉 還喜歡冷暴力 如果一個男人明知道你在哭 在難過的睡不著 而他卻視而不見 保持沈默 理也不理你 建議你還是別談了
兩個人在一起產生矛盾很正常 哪對情侶不產生點摩擦和分歧 但是不負責任的男人 會把所有的問題都甩給你 把你自己扔在那兒 讓你自我消耗自我懷疑 失眠痛苦甚至抑鬱 翻來覆去思考這段感情到底值不值得 
真正愛你的男人 他一定會面對問題分析問題 解決問題 避免問題 而不是無視問題逃避問題甚至推卸責任 真正愛你的男人 他能包容你的小任性 也能容忍你的壞脾氣 你的感受永遠是在第一位
女生可以停下看看 這是對男生吵架時他的態度是否愛你最全面的說法",2025-12-13 17:14:00,躺著,失眠,not_enough_posts,
alan_0825_,Zhang Alan,"愛一個人是慢慢瞭解 不是什麼都懂
我覺得兩個人在一起談戀愛就應該是真誠的是不需要畏手畏腳的 愛就要大大方方的表達喜歡什麼要說 討厭什麼也要說 為什麼生氣要說 為什麼吃醋也要說 開口才能得到鮮花或者一句道歉 可以膽小 但絕對不可以彆扭 不是什麼事都可以一直拖延著靠時間來解決的 戀愛沒有上帝視角 愛和委屈都要大聲說出來 不要猜來猜去 不要陰陽怪氣 不要口是心非 相愛的時間太寶貴了 不能在奇奇怪怪的問題上消磨愛意 戀愛的意義在於 彼此照亮 成為彼此的避風港和精神寄託 讓本就平淡的生活感到一絲美好 在每個情緒低落的夜裡能有個依靠同行的路上 我們互相救贖彼此依靠 成為對方的靠山 真誠的溝通才是最好的愛 對愛的人要好好說話 兩個人長久的愛就是有話就說 沒有隱瞞 雙方都不是各自肚子里的蛔蟲 不能一秒就能猜對對方的心思 兩個人之間有問題要說出來共同解決 一直去猜只會讓對方覺得不懂彼此
送給你們 希望脆友們能懂",2025-12-11 15:28:00,躺著,失眠,not_enough_posts,
you_tz_zue,游子岳,"🎐209話，細思極恐的一幕
女性和服➡️蘇枋便服
一陣妖風襲來，性別、服裝通通易容😱
蘇枋的站姿，只有我覺得很詭異嗎
雙腿分開、手插口袋，不是他平常的站姿！
🍂遮蓋部分身影，不對勁的形象昭然若揭！
而且他在榆井面前用手機？！
這位蘇枋，是真是假？
榆井過度疲勞，看到幻覺嗎？
有人變裝蘇枋，刻意營造他還在的假象？
真正的蘇枋，究竟身在何方？
下個月揭曉答案，陰謀論如同落葉紛飛
蘇枋隼飛，我只想知道真相
你真的回來了嗎？還是又在演戲欺騙大家？",2026-03-05 00:58:00,"防風少年 不良英雄譚重度成癮
首推蘇枋、櫻遙
歡迎遊戲同好友善交流",幻覺,not_enough_posts,
iancheng__,𝐼𝒶𝓃,"希望這世界能對春善良一點
那些罵春 自稱是粉絲但想脫粉的人或路人
我只是想跟你們說
可能你們並不理解精神疾病帶來的痛苦
嚴重時可能會導致自己做什麼都不清楚
甚至產生幻覺覺得全世界都對不起自己
你們能理解達拉跟彩麟是非常好的人
為什麼不能理解春是因為生病才這樣
為什麼生病了就忘記春也是非常好的人
難道你們家人如果有精神疾病的
也會遭受到你們的拋棄嗎
她們一起經歷過的酸甜苦辣
一路上大大小小的事 我們也看了15.16年了
那些媒體可不可以不要再報導了
看到那些標題真的很⋯⋯⋯
我相信2NE1一直以來感情都很好
沒有背叛",2026-03-03 21:52:00,"沈浸在k-pop與泰百之間來回遊走🤩
骨灰Black Jack♠️♥️Neverland💜MONSTIEZ😈
泰百一家親😚主追EngLot、Faye",幻覺,not_enough_posts,
iancheng__,𝐼𝒶𝓃,"公司到底有沒有給春積極治療啊
反正我不相信達拉有吸毒
達拉那麼養身又會飲控又會運動
這樣愛護自己身體 40歲有這樣的顏值
吸毒不會長成這麼漂亮啦
反而是擔心春的身體跟心理健康⋯⋯
🥲🥲🥲🥲🥲🥲",2026-03-03 19:19:00,"沈浸在k-pop與泰百之間來回遊走🤩
骨灰Black Jack♠️♥️Neverland💜MONSTIEZ😈
泰百一家親😚主追EngLot、Faye",幻覺,not_enough_posts,
techlead.uk,TechLead.uk,"唔好日日比所講既AI 取代文駭餐飽
1. Vide coding 又點？咁勁你咪開公司整堆product 黎睇下賺唔賺到錢
2. 日日吹奏話下年無白領，不如諗下無ai 之前又咪周圍炒人，你係被炒既材料就自然係，有無AI都無乜分別
3. 養隻龍蝦就以為自己好勁，比到堆發達既幻覺你。睇一睇個荷包有無因為多幾隻龍蝦而發漲？到你都識用，你估班老闆唔識用？
4. 失業率大升個陣，你估政府唔會理？政府既錢來自我地薪俸稅，你估政府會由堆公司炒9成白領？！用下腦諗多次。
5. 當大量使用token燒錢之後，都要計下係咪真係ai 直接取代人手最平，ai 公司唔洗燒電黎run? 咪跳曬step la
6. 諗下點解某d 人日日吹奏AI，為恐天下不亂既人會係你身上得到乜好處？
利申：有龍蝦，有比年費，有用過n8n，一樣咁窮。",2026-03-10 22:25:00,"Tech lead @UK ，都係個隨時比人取代既一粒小齒輪。
啱聽比個comment，唔啱聽就block & Next.",幻覺,not_enough_posts,
techlead.uk,TechLead.uk,"最近公司直接Digital team 炒左200人，成條scrum master team 直接炒曬，仲有某d manager level 既人都比人炒，我上司都出事。
整間公司氣氛變得好怪，被人炒個堆人比上面指示盡量唔好提依件事，好鬼odd，其實並非生意差，亦都唔關ai 事，只可以話作為籍口去炒人為左賺更多。
2026年只係個開始，水退，就知邊個無著褲。
記得裝備好。",2026-03-05 07:37:00,"Tech lead @UK ，都係個隨時比人取代既一粒小齒輪。
啱聽比個comment，唔啱聽就block & Next.",幻覺,not_enough_posts,
3333promax,Sophie ✨️✨️,"大家的Gemini 幻覺問題嚴重嗎?
現在我用 Gemini APP 
Gemini 3.0 的版本
他跟我說現在是半夜2點已經很晚了
建議我去睡覺
當時我的時間是晚上12點多
我問他是不是根本沒確認伺服器的時間
隨便輸出文字胡說的
他跟我說對，然後接著道歉
接著又開始胡說八道
我打開電腦上網
進入谷歌搜尋
搜尋引擎裡面的AI
跟我說現在是下午3點多
可是明明是台灣時間12點多
我問他伺服器應該是標準時間
怎麼會差這麼多?
接著對話問到時間的部分
時間都是不對的
是在Google search 模式底下的AI模式喔
所以大家的Gemini是不是也這樣呢?
App的或谷歌搜索模式底下
開始編答案?
我記得去年的Gemini 2.5 Flash 或 2.5pro 
APP、網頁版、搜索引擎模式底下的AI
都沒有這種亂編的現象
怎麼現在Gemini 3.0經常出現
一本正經的胡說八道?",2026-02-26 01:58:00,𓇼 ⋆.˚ 𓆉 𓆝 𓆡⋆.˚ 𓇼,幻覺,pass,
3333promax,Sophie ✨️✨️,"求救😭
我申請Google的workspace
然後我一直卡在 結帳的地方
要我填企業統一編號
我只是個人沒有公司啊😭
我有個人網站
我一開始選擇的時候
他要我填公司名稱
我就填了我的網站名字
申請人數是1人
然後就一直要我填統一編號
我哪來的統一編號啊😭😭😭
我問Gemini怎麼解決 
他簡直就是鬼打牆胡說八道
我卡了2天還解決不了這個問題
Gemini一直要我去根本不存在的地方
跟我說小鉛筆可以改
說一堆根本不存在的訊息和流程幻覺
我已經被Gemini這樣搞了兩天
實在是不知道該怎麼辦😭😭😭
請求脆友救援🙏",2026-02-26 00:53:00,𓇼 ⋆.˚ 𓆉 𓆝 𓆡⋆.˚ 𓇼,幻覺,pass,
3333promax,Sophie ✨️✨️,"農曆過年提早小年夜回去拜年不過夜
避開七大姑八大姨 舅舅叔伯 堂表兄弟姊妹
除夕起整個新年都是自己的
舒服☺️",2026-02-21 00:39:00,𓇼 ⋆.˚ 𓆉 𓆝 𓆡⋆.˚ 𓇼,幻覺,pass,
sherry.hsuan,Sherry,"今天從台北101搭紅線捷運到台北車站
突然焦慮恐慌發作
在大安站時緊急吞了顆緊急用藥
但狀況還沒有改善 全身開始抖
尤其是雙手不自覺一直發抖
反而覺得吸不太到空氣
很努力的腹式呼吸想讓自己平靜下來
我詢問隔壁的小姐她到哪一站
她回我是士林
我開口詢問：「不好意思，我焦慮恐慌有點發作 我剛剛有吞緊急用藥，現在比較緊張 可以借我抓妳的袖子嗎？」
她馬上回我「可以沒問題」
之後她不再滑手機可能在觀察我的狀況
看到我手抖成那樣，她詢問有沒有需要幫忙什麼
我說「先這樣就可以了 真的很謝謝你」
最後這位姐姐在台北車站跟我一起下車
陪我上樓到出閘口
還不忘跟我說如果還是不舒服，記得要請其他人幫忙
真的很感謝那位小姐對我伸出援手🥹
過一段時間比較平靜之後忍不住流了眼淚
關關難過關關過
焦慮恐慌這關怎麼這麼難過
到底什麼時候才能結束😣
一年多了 每次發病完就會陷入低潮
我希望我可以越來越好
焦慮症發作",2025-01-16 18:24:00,"Don't be a woman that needs a man. 
Be a woman a man needs.",恐慌症,not_enough_posts,
jackchen185,Jack Chen,"""抑鬱症的藥，一定有副作用。""，朋友斬釘截鐵地說著。
""醫生應該也知道吧?""，我漫不經心地回應。
""但是，醫生自己沒有吃過啊!""
所以，記得把不舒服的藥後症狀跟醫生說，看能不能換藥，醫生自己可能吃過感冒藥，也知道嗜睡的危險，但不見得吃過百憂解喔。",2026-03-11 10:41:00,,百憂解,pass,
jackchen185,Jack Chen,"女人打了個哆嗦，乍然醒來，原來是空調太強，給冷醒了。
她趴臥著，撐起濕冷下巴，怎還睡得男人胸膛一漥口水。
""啊，不好意思...""
女人尷尬地緩著起身，坐直在男人小腹上，撇臉用手背抹了嘴角，長髮瀑直地遮住半上身，裊裊浪晃。
男人十指交握，枕在腦後，欣欣然賞著這一幅出浴光景，回道:""沒關係。""
女人這才猛然想起，昨天吃了藥，五感都隔層膜，懵懵的，沒想到，男人挺進身體裡的感覺，卻清晰無比，像撕開每個神經末梢，衝動一頭壓過一頭，直到來不及呼吸，只能咬著唇顫抖。
不知道時間多久，腦子塗地刷一片白，嗡嗡響，然後岔一口氣憋著，頓失力氣，悶哼一聲，就直接伏上男人胸膛，才嘟囔幾句，竟沉睡了去。
""啊，對不起....""女人突然冒出道歉，同時挺起大腿，離開男人小腹，慌忙迴身拉過被子，遮掩腰下。
原來，私處一陣濕冷觸感襲來，與生理期來的感覺，一模一樣，嚇得她直覺道歉，拉被遮著。
""沒事，這怪我。""男人彈起上身，長猿手臂環抱著女人滿懷，就這麼暖暖地，緊緊地擁著還失著神的女人。
女人就這樣被男人餵著毒，過了十年，終於決定戒毒。",2026-02-28 20:31:00,,百憂解,pass,
jackchen185,Jack Chen,"女人花了10年的時間，才確定中了這個男人的毒。
她暗暗下了決心，開始不經意地碰觸男人的大手掌，一次，故意間隔幾秒，再碰一次，輕得好像衣襬拂過。
原本以為，過了40歲，玩這種16歲遊戲，不應該會有起伏，但，心跳聲響得很，砰砰聲都似給男人聽到了。
男人愣了一會，反手握住了她的手。
兩人並肩走著，厚厚的，暖暖的，緩緩地，女人心跳也穩了下來。
""原來.....""女人輕晃著被包覆住的手，像個小女孩般踮著腳尖走著，思量著，等走完這條鋪滿秋葉紅的人行道，就不再與男人見面。",2026-02-26 16:03:00,,百憂解,pass,
bruce___tseng,曾柏諺,"有越來越多點子等我去做，也發現先前的開發困境解方。我在想我是不是不太適合整天在崗位上加班的工作，我可能會任務做到一半，就一直在想怎麼開發一些奇怪的東西。
也許是抗壓性不好，但我能肯定，野馬不太適合用韁繩牽住。
會不會以後的開發速度，就限制在我的打字速度還有我的學習速度上了。
常常我都等一個東西成熟一點，再看市場會不會把它滅掉，或出現超讚教學再去學，這樣可以節省很多力氣。因為我真的超懶惰，會為了加速2秒，花2個小時去找原因哈哈。
我滿希望有一天人類可以不再需要自然語言溝通的，這樣可以超有效率，也不用一直建構心智理論中的虛擬機概念，去模擬其他生物體的腦中運作，甚至建構多層遞迴虛擬機，模擬其他生物模擬其他生物的運作方式。
只為了處理社會工程這個高維度動態不可逆系統，而且修理與建構這套系統的過程還滿辛苦的，還會被什麼賽局碗糕囚徒困境的降低效率。
這樣梳理一下，看起來，瓶頸中的瓶頸，應該就是時間了。
幸好現在可以讓自動化進行自動化，就能更好的規模化，好饒舌，blargh。",2026-03-08 23:30:00,"Threads >> 多執行緒
這是我人生的log file",百憂解,pass,
bruce___tseng,曾柏諺,"我發現可以將投資組合風險管理的演算法搬到電池管理上。
這樣我上課時就可以光明正大的看股票(?)雖然根本沒在看
說不定我還可以在電動遊戲裡面找到一些可以搬家的概念。
這樣以後上班偷玩電動時，我就可以說，林北勒做研究啦賣岔",2026-02-27 17:09:00,"Threads >> 多執行緒
這是我人生的log file",百憂解,pass,
bruce___tseng,曾柏諺,"我發現有些人類，還滿排斥高度AI的自動化工作流，覺得品質一定很不好。
我好奇當AI agent 如湧浪襲來的那天，他們是會怎麼解決問題，以及他們的心境會發生什麼樣的影響。
也許我是那種，會被思想警察抓起來打手手的小屁孩。
要站在海嘯浪尖上，還是站在海邊抗議呢？",2026-02-25 22:25:00,"Threads >> 多執行緒
這是我人生的log file",百憂解,pass,
happy_share999,happy_share999,每天吃安眠藥會怎麼樣？,2026-01-30 11:43:00,Be true. Be real. Be myself,安眠藥,not_enough_posts,
happy_share999,happy_share999,有沒有去黑頭的方法？,2026-01-24 22:04:00,Be true. Be real. Be myself,安眠藥,not_enough_posts,
wusiyi7763,吳思儀,"一直有個疑問
平常有在吃安眠藥
又有在打猛健樂
那安眠藥的藥效會變長嗎？",2026-02-27 23:56:00,,安眠藥,not_enough_posts,
wusiyi7763,吳思儀,請問中壢哪裡有藥局買猛健樂可以刷卡分期呢？,2026-02-26 12:05:00,,安眠藥,not_enough_posts,
xiaocao_1012,Thảo Trang,"最近失眠有點過重 🥲
從11點躺到現在快3點還是無法入睡，但不想再吃安眠藥了",2026-03-10 02:48:00,"小草 🍀 越南語家教 🇻🇳🇹🇼
要報名上課麻煩私我 謝謝",安眠藥,business,
xiaocao_1012,Thảo Trang,有夠無聊,2026-02-27 22:30:00,"小草 🍀 越南語家教 🇻🇳🇹🇼
要報名上課麻煩私我 謝謝",安眠藥,business,
xiaocao_1012,Thảo Trang,"不管怎樣，都要這樣子開開心心喔～～
#愛笑的女孩 😄",2026-02-25 21:47:00,"小草 🍀 越南語家教 🇻🇳🇹🇼
要報名上課麻煩私我 謝謝",安眠藥,business,
hung._.123,hung._.123,"最近被失眠困擾到很煩躁很無力
認真發問 有沒有什麼方法🥹
面對各種壓力情緒隔天還要上班
還是真的只有看醫生拿抗焦慮藥物跟安眠藥這條路？",2026-02-25 00:29:00,"我有一隻媽寶狗
他好可愛",安眠藥,not_enough_posts,
hung._.123,hung._.123,"今天看到別人分享書裡面的一段話
決定把記下來：
當你不在乎了，就沒有人可以影響你。
壓力，來自於「得失心」，內耗，出自於「太在意」。",2026-02-17 21:04:00,"我有一隻媽寶狗
他好可愛",安眠藥,not_enough_posts,
fei.fei.ur,Fei Fei,"安眠藥吃完但
拿藥的時間還沒到怎麼辦？
吃了藥還是睡不好，
一天吃兩份才夠那種…
很焦慮。",2026-03-10 06:13:00,美業創辦人,安眠藥,business,
fei.fei.ur,Fei Fei,好評不斷的按摩,2026-03-08 02:51:00,美業創辦人,安眠藥,business,
fei.fei.ur,Fei Fei,"書除了可以用來蓋泡麵
還能這樣做….。
不可能沒有人跟我一樣",2026-03-07 16:56:00,美業創辦人,安眠藥,business,
fei.fei.ur,Fei Fei,臉部清潔加上手工清粉刺$1500第二位$750，這樣有人想去嗎？蠻舒服的地方,2026-03-03 00:50:00,美業創辦人,安眠藥,business,
lawaaa_____,子惟,諾頓街的歌是不是都有加安眠藥,2026-03-11 06:58:00,,安眠藥,pass,
lawaaa_____,子惟,終於,2026-03-03 20:42:00,,安眠藥,pass,
lawaaa_____,子惟,真羨慕,2026-03-01 23:27:00,,安眠藥,pass,
lawaaa_____,子惟,ㄏㄠ,2026-02-27 23:53:00,,安眠藥,pass,
michiyopig,Michiyo Pig,"有人每天都會需要喝點酒 然後吃憂鬱跟安眠藥放鬆的好好睡一覺的嗎？
但是聽說這樣很不好",2026-03-09 05:35:00,感恩的心,安眠藥,not_enough_posts,
michiyopig,Michiyo Pig,已定要站在我的財位上跳來跳去,2026-02-27 04:25:00,感恩的心,安眠藥,not_enough_posts,
weiofhealth,威醫師的健康之路《糖尿病｜內分泌｜肥胖｜健康生活型態》,"重大更新🔥
明天開始，威醫師要變身為——
新陳代謝內分泌科研修醫師！
同時也是台大醫院內科總醫師啦！
回顧 R3 這一年，走過加護病房、呼吸治療中心、洗腎室，跑遍台大總院、新竹分院、癌醫分院，換了三套不一樣的值班服，在超過 300 天的臨床日子裡學習、成長。今天，正式劃下階段性的句點
明天，邁向新的篇章！
我會繼續用心分享和整理
✔ 糖尿病
✔ 內分泌
✔ 肥胖
✔ 運動與飲食建議
的專業知識給大家！
感謝一路以來支持威醫師的脆友們，
新的旅程，也請多多指教🙏
也請追蹤威醫師的IG
@weiofhealth
@weiofhealth
，我會努力產出讓大家看得懂、用得到的健康內容☺️☺️",2025-07-31 20:48:00,"威醫師
👨‍⚕️ 臺大醫院內科總醫師｜新陳代謝內分泌科
👔 醫師日常｜糖尿病｜飲食｜運動｜肥胖
⬇️更多貼文請追蹤威醫師的instagram⬇️",肥胖,not_enough_posts,
don91570,don91570,"來香港玩的所觀察到的現象：
1. 不少養狗的人看起來是有錢人
2. 經過英皇書院同學會小學，看起來就是明星小學，一查果然是
3. 香港人禿頭的人願意理光頭的比例很高
4. 香港的傳統市場跟台灣的一樣，氣味、地板濕、地上垃圾、排水孔魚鱗
5. 香港特斯拉比例很高，再來是雙B，一些零星的BYD、Maxus
6. 看到不少香港女性搭配歐美男友/老公，不過沒有看到反過來的組合
7. 香港的籃球有四分線
8. 維園年宵全部都是純純的香港人，讚讚讚。有看到很多學生在擺攤，不確定是不是在籌經費，從這些學生的外在跟穿著，感覺有幾間應該是很好的高中
9. 橋下拿拖鞋打小人的阿姨揍的很賣力😂，而且是有政府牌照的，看起來不是誰都能打得
10. 有很多社區小公園，在擁擠的社區添加了一些綠意和放鬆的空間。例如：光漢台花園、堅巷花園。也很會在小地方中設置一些小座位和綠地，在繁華擁擠中增添一些愜意的空間
11. 卜公花園附近應該是高級社區
12. 香港人健身的風氣應該較不興盛，沒有看到有很多有肌肉線條的人
13. 女生運動的比例「看起來」比男生多
14. 香港人胖的人很少，尤其是沒有看到病態性肥胖的人",2026-02-15 23:44:00,,肥胖,not_enough_posts,
dannelyu,🄳🄰🄽🄽🄴🄻 丹,"認真發問！沒有要引戰，請理性討論
.
周圍使用瘦瘦針的人越來越多了
我昨天突然認真的思考
這跟過去大家「節食減肥」有什麼不同之處嗎？
因為他也只是在欺騙你的身體、你的大腦
讓你不會餓、不會想吃、不會暴飲暴食
幫助你把「節食」這件事情變得簡單而已
但若沒有趁機建立起好的飲食、運動習慣
只是把過去害你肥胖的食物減量的在吃
當你停止欺騙身體，不就跟過去節食減肥一樣
復胖速度會非常快嗎？那為什麼還這麼流行？
還是瘦瘦針有什麼其他附加的好處？
.
單純是個人不懂發問
請理性討論！謝謝！",2026-03-04 15:43:00,"斜桿人生
旅行重啟中 🇹🇼🇹🇭🇰🇷🇯🇵🇺🇸🇬🇧🇵🇭🇭🇰🇫🇷🇸🇬
BodyJam instructor
Software Engineer",肥胖,not_enough_posts,
dannelyu,🄳🄰🄽🄽🄴🄻 丹,"今天到關西臨空城的outlet領取優惠券本時
預設國家已經看不見中國囉🎉🎉🎉
晚餐吃飯時遇到一個日本妹妹服務生
她問我：r u Chinese?
我：I’m Taiwanese😊
然後我們兩個都一起大笑了！",2026-02-24 20:59:00,"斜桿人生
旅行重啟中 🇹🇼🇹🇭🇰🇷🇯🇵🇺🇸🇬🇧🇵🇭🇭🇰🇫🇷🇸🇬
BodyJam instructor
Software Engineer",肥胖,not_enough_posts,
dr_r1sucks,阿萬的日常醫學小知識,"今晚八點  面對肥胖是一場馬拉松🏃
美國ObesityWeek今年特別強調
「肥胖是需重視的慢性病」
這邊邀請了北醫體重管理中心的外科林醫師
跟大家聊聊減重醫學各種面向與觀點！
歡迎來聽聽看～
💊直播連結：
youtube.com/watch…",2025-11-09 17:29:00,"厭世醫師阿萬官方Threads
台灣消化內科專科醫師
YT頻道：厭世醫師阿萬| 衛教&實況
信箱：twresidencymeme@gmail.com",肥胖,not_enough_posts,
breeze.taipei,暖暖,"暖暖 Day 87：日記暫停公告
減肥日記快要三個月，我決定休息一段時間。
回顧成效：
第一天 10/25：
身高：163cm
體重：88 kg
體脂率：42.5%
今天：
日期：1/20
體重：80.1 kg
體脂：41.3%
體重是有降的，但真的... 很慢。
每天為了準備食譜都花很多時間，
但我真的好累。
我決定放鬆一陣子，
讓猛健樂自己作用，
大家的留言我還是會看哦！
暖暖會回歸！
敬請期待！",2026-01-20 22:13:00,減肥紀錄專用小帳,體重,pass,
breeze.taipei,暖暖,"〖減肥日記 Day 86〗快樂秤萬歲！慶祝小小的里程碑 🥩🎉
日期：1/19 (一)
體重：80.5 kg (-0.3)
體脂：41.2%
今天早上體脂 41.2%！
雖然知道它是快樂秤，可能比 InBody 低估了很多，但看到數字往下降，心情就是爽啊！
只要趨勢是往下的，就代表方向是對的。
體重也來到 80.5kg，離 7 字頭真的不遠了。
為了慶祝這個心情的轉折，今晚給自己一點獎勵——牛排！
---
【暖暖的快樂減脂食堂】EP29
菜色：慶祝版・香煎牛排佐時蔬
自己煎牛排比外面便宜太多了，而且可以控制油量。
材料：
菲力牛排 (油脂最少)
蒜片
海鹽、黑胡椒
花椰菜、玉米筍
作法：
1. 牛排退冰擦乾，撒鹽。
2. 熱鍋（要很熱），下牛排每面煎 2 分鐘（視厚度）。
3. 靜置 5 分鐘（鎖住肉汁，這步最重要）。
4. 利用鍋裡的油炒蔬菜。
切開來粉嫩粉嫩的肉，咬下去滿滿的肉汁。減肥還能吃牛排，這才是人生啊！
---
今日飲食記錄
早：希臘優格
午：白菜滷便當
晚：香煎牛排 + 大量蔬菜
水：2500cc
運動：重訓 (腿部訓練) 三組",2026-01-19 22:17:00,減肥紀錄專用小帳,體重,pass,
breeze.taipei,暖暖,"〖減肥日記 Day 85〗
日期：1/18 (日)
體重：80.8 kg (-0.2)
體脂：41.5%
打針日 (3.75mg 第 3 劑)。
昨天被 InBody 嚇到後，我想了一整晚。
Mojo 說機器都有誤差，與其糾結那個數字，不如看看鏡子裡的自己，還有穿衣服的感覺。
我站在鏡子前，看著微凸但已經消很多的肚子，還有那條變鬆的褲子。
這就是進步啊！為什麼要讓一張紙否定我的努力？
轉念一想，繼續乖乖打針。
今天休息日不運動，在家悠閒備餐。
【暖暖的快樂減脂食堂】EP28
菜色：古早味・白菜滷
白菜滷是台灣人的靈魂。不用爆香太多油，用蝦米和香菇提味就很鮮甜。
材料：
大白菜 1 顆
乾香菇、蝦米 (泡軟)
炸豬皮 (碰皮，我不加這個改加豆皮)
紅蘿蔔
作法：
1. 爆香香菇和蝦米。
2. 放入白菜炒軟。
3. 加水、豆皮、紅蘿蔔燉煮。
4. 加點醬油、白胡椒調味。
燉得爛爛的白菜，吸滿了湯汁，熱熱的吃好舒服。
---
今日飲食記錄
早：清粥小菜
午：白菜滷 + 滷牛腱 (昨天的)
晚：燙青菜 + 豆腐
水：2500cc
運動：休息日",2026-01-18 22:17:00,減肥紀錄專用小帳,體重,pass,
breeze.taipei,暖暖,"〖減肥日記 Day 84〗InBody 的打擊 😫
日期：1/17 (六)
體重：81.0 kg (+0.3)
體脂：41.8%
今天去健身房遇到業務在推銷，說可以免費測 InBody。
想說好啊測測看。
結果列印出來，體脂率 44%！？
比我家那台小米還高了 2%！
我看著那張紙，覺得這幾週的努力好像笑話，心情瞬間跌落谷底。
回家路上經過麵店，原本要買燙青菜，結果腦波一弱點了滷牛腱，還偷吃了幾口老闆送的麵。
怒吃！吃飽才有力氣難過！
---
【暖暖的快樂減脂食堂】EP27
菜色：撫慰受傷心靈・滷牛腱
牛腱是牛肉裡脂肪比較低的部位，滷得入味好吃，也是優質蛋白。（自我安慰中）
材料：
牛腱心 2 顆
滷包
洋蔥、紅蘿蔔
醬油、米酒、冰糖
作法：
1. 牛腱先燙過去血水。
2. 爆香洋蔥，放入牛腱、紅蘿蔔、調味料和水。
3. 電鍋燉 1 小時，悶 1 小時。
4. 放涼切片（涼了才好切）。
雖然是怒吃，但還是選了比較健康的牛腱。吃完心情好了一點點。
今日飲食記錄
早：蛋餅 + 豆漿
午：宮保雞丁便當 (昨天剩的)
晚：滷牛腱 + 偷吃兩口乾麵
水：2000cc
運動：無",2026-01-17 22:18:00,減肥紀錄專用小帳,體重,pass,
co.chu0130,小紫💜,"猛健樂一支結束
體重小掉
UU大掉
不打了",2026-03-07 21:00:00,♒️,體重,pass,
co.chu0130,小紫💜,希望我不會後悔做的決定,2026-02-25 09:16:00,♒️,體重,pass,
co.chu0130,小紫💜,"時間不多了
還是下不了決定",2026-02-22 00:33:00,♒️,體重,pass,
yizhen0104,陳以臻,"健身日記D3/體重：37.2
-
今天健ㄉ感覺很不對
月經要付全責",2026-03-12 21:21:00,我講話難聽 就不說話了,體重,pass,
yizhen0104,陳以臻,只要不說話 我就會漂亮,2026-03-12 16:06:00,我講話難聽 就不說話了,體重,pass,
yizhen0104,陳以臻,漂亮的海今天給到彌陀,2026-03-08 22:09:00,我講話難聽 就不說話了,體重,pass,
yizhen0104,陳以臻,"健身日記D2/體重：37.2
-
上次練完回去酸痛一個禮拜😵
感覺跟我的陰間作息有很大的關係。",2026-03-05 18:08:00,我講話難聽 就不說話了,體重,pass,
yuki_chen930,Yuki Chen,"冷門的霧峰人聯誼
我先  79年次 身高微矮 體重秘密
家裡在生產太空包 種菇 還有賣木耳露
平常喜歡跟狗講話跟搞一些園藝
你們呢？",2026-03-12 19:41:00,我有五隻狗/狗派女子,體重,not_enough_posts,
yuki_chen930,Yuki Chen,"阿公家的回憶
捨不得翻新",2026-03-10 19:56:00,我有五隻狗/狗派女子,體重,not_enough_posts,
fvemih_2,瑄.,"找男友要的加哀居➡️fvemih_2
國高中優先
你：身高170⬆️
好看一點 不要胖 情緒穩定
會哄人 會秒回 除了上課洗澡吃飯
會報備 陪我玩傳說 打電話
我：身高157
體重40 很煩 黏人 
情緒不穩定 秒回",2026-03-11 18:45:00,,體重,not_enough_posts,
fitamin__d,FITamin D☀️香港食物營養研究所,"樓上真係體重控制人士嘅天堂😇😇
有勁多低脂嘅優質蛋白質！
最驚喜係有去皮三文魚同帶殻帶子😭😭
去左皮三文魚脂肪又會再少啲！🥹
帶子簡單加粉絲￼蒜蓉蒸就食得！
仲有急凍日本蠔都好大隻！",2026-03-09 17:42:00,"Fitamin D☀️
Nutritionist x Barista☕️
Evidence‑based nutrition & lifestyle 🫑",體重,business,
fitamin__d,FITamin D☀️香港食物營養研究所,點解食咁少野都唔瘦🥹,2026-03-05 17:30:00,"Fitamin D☀️
Nutritionist x Barista☕️
Evidence‑based nutrition & lifestyle 🫑",體重,business,
fitamin__d,FITamin D☀️香港食物營養研究所,"Hi 各位☀️
琴日係世界肥胖日，
大家曾經係咪都試過用唔同方法維持體態呢🙈
￼
😩「點解食得咁少都減唔到肥？」
明明已經食好少： 
🥐 少咗澱粉 
🥗 食得好清 
🍽 份量又唔大 
但體重都係唔郁，甚至仲覺得易肥咗？
其實問題未必係你「唔夠忍口」 
而係你跌入咗減肥兩大陷阱👇
① 份量少 ≠ 卡路里低
高能量密度食物，好細份已經好高熱量。 
再加上正餐食太少，血糖波動大，之後更容易暴食零食。 
👉 最後變相愈減愈肥。
② 長期食低過身體需要
身體會啟動「代謝適應」： 
📉 基礎代謝下降 
📉 肌肉流失 
📉 日常活動量減少
你以為自己食得好少， 
但其實身體已經幫你「慳能量」。
✅ 真正突破平台期唔係靠「再食少啲」 
而係靠「營養配搭更精準」：
✔️ 足夠蛋白質（保肌肉 = 保代謝） 
✔️ 複合式碳水（穩定血糖） 
✔️ 膳食纖維（增加飽足感）
想知更多要點配撘，記得緊貼我哋fitamin D 啦🫶🏻",2026-03-05 11:47:00,"Fitamin D☀️
Nutritionist x Barista☕️
Evidence‑based nutrition & lifestyle 🫑",體重,business,
_kai_eat_,凱凱吃什麼,"實測打猛健樂
不特別飲控一個月會瘦多少❗️❗️
猛健樂Day1 體重減少0公斤
這個月我將會不定期紀錄體重
希望給想嘗試的朋友們一些參考
也會在Thread每天更新猛健樂日記
其實真的不用特別飲控
反正什麼都吃不下🤡
喜歡的話記得按讚+追蹤+留言
#吃播 #asmr #猛健樂 #越南河粉",2026-03-09 18:18:00,"IG:_kai_eat_ 
27歲社畜下班吃什麼
猛健樂日記更新中❗️❗️",體重,not_enough_posts,
jppye,Jackson,"我有一個北部的朋友，
重度憂鬱症導致食慾不振、體重減輕，
後來病情惡化，
我一度很擔心他。
於是我邀請他來台南，
想說靠小吃轉換一下心情。
一開始怕他沒胃口，
結果先後吃了
金得春捲 + 夏林臭豆腐 + 祿記水晶餃 + 鬍鬚忠蒜頭牛肉 + 施家羊肉湯，
他吃到整個龍心大悅。
但他竟然說甜點胃還有空間，
我立刻追加：
林家茂子白糖粿蕃薯椪 + 金桃家草莓大福 + 方蘭川布丁 + 太陽牌牛乳霜。
吃完直接原地起飛，
還揚言下個月要搬來台南住。
我們甚至打勾勾，約好下次再吃。
最後我送他去坐高鐵。
據說之後他的食慾漸漸恢復，
體重也回到正常，
醫生說他這樣的體質很罕見，
只有搬到美食之都，才能維持生命。
想想，如果當初沒有我出手相救，
他搞不好已經病危。
連主治醫師都在背地裡稱我華佗再世。
我為他的康復感到開心，
但我沒有跟他收醫療費，
因為
台南人，就是重義氣。",2025-08-18 19:28:00,你怎麼過今天，就怎麼過一生。,體重,not_enough_posts,
dan_dan_wu,Wu Dan Dan,"身為迷客夏的一員
最幸福的事
就是可以先喝到新品😂
明天上市的新品～
竟然有及我所有愛於一杯的飲料
最愛喝那杯紅茶拿鐵跟奶霜的我～
新品竟然把這兩樣融合在一起～～
打完焦糖奶霜，立馬自己泡一杯..
早就把體重這件事丟於腦後
（我喝了一分糖，喝一口上天堂🥳）
最糟糕的事..我竟然忘記拍照😭
只能用言語來形容這一杯有多好喝😂
最棒的事～明天新品上市竟然還特價..
趕快來找我～手刀買起來～～🏃
不喝太甜的人，點無糖就好了喔❤️",2026-03-10 21:38:00,,體重,not_enough_posts,
dan_dan_wu,Wu Dan Dan,"我的婆婆在我感冒的時候
熬了三四個小時的魚湯給我喝
真幸福😍",2026-03-04 08:18:00,,體重,not_enough_posts,
love_minamina,love_minamina,"📍體重86kg → 56kg 30kg達成
好多年沒有回到這樣的體重了。原本的目標是 55kg，現在快要達成，還剩兩支庫存，我決定繼續努力，看看有沒有機會挑戰 50kg 🤣
減肥這件事，也減了十幾年。過去靠意志力節食，最多也只能撐 3、4 個月，還沒達標就破功，常常陷入反覆失敗的挫敗感。這次用了Mounjaro，才真正突破。最直觀的幫助是抑制食慾，延長了減重的戰線，讓我能持續努力 8 個多月，度過停滯期而沒放棄。
但我必須說 Mounjaro 不是魔法，真正關鍵，還是在於同時調整了飲食和生活方式。我還是偶爾吃零食、大餐，因為美食是生活中的小確幸，但我學會了怎麼跟食物、跟身體和平共處。
很多人以為打針就會自動變瘦，但減重的本質永遠是熱量赤字，如果不改變飲食習慣，再怎麼打針也瘦不了。至於那些說「停藥就會復胖」，我想說：不管是節食、運動還是打針，如果回到原本放縱的生活方式，都會胖回來。所以減重的核心，從來不是靠什麼方法，而是能不能真正改變生活習慣。
我很感謝猛健樂，因為它讓過程少了一點痛苦，多了一點成功的可能。期許自己達到目標後，也能好好維持。也希望我的經驗能給正在努力中的你一點力量 ❤️",2025-09-11 05:26:00,,體重,not_enough_posts,
fengvic0212,Vic fong,"來這邊徵女友啦😂
本人熱愛棒球.唱歌 中信兄弟粉
身高177體重68😋 38歲
台中人
名下有房有車🚗 （房貸已繳清）
有經濟能力基礎
無負債跟欠款🫶
￼1.出門你可以不用帶錢，不會AA制都我付錢沒有關係❤️
2.男生重點不在乎要多有錢
主要是他敢不敢花在妳身上，我是賺100元會花90元在女友身上的人
自己留10塊就能生活的白癡男😂
希望能找個會撒嬌 好好愛我的女友
可以一起看球賽一起運動健身
帶妳踏踏青 出國走走😜
大家不嫌棄可以交個朋友😊
Ps 單純交友 不會跟你們借錢投資詐騙喔🙏",2025-09-27 01:20:00,愛棒球 唱歌 到處吃喝,體重,not_enough_posts,
ccme18,Kiki Chen,"沒道理連嬰兒都在嘲笑我吧🥲
只有我們一個男生⋯⋯⋯⋯
#生不出女兒",2026-03-07 16:15:00,男生宿舍的媽媽,嘲笑,not_enough_posts,
ccme18,Kiki Chen,"老三多多 3500公克
痛死媽媽了🤣
終於生完了 可以睡個好覺了✌️
第三胎了還是感動到要哭了
#男子宿舍
#封肚了吧？！",2026-03-03 17:41:00,男生宿舍的媽媽,嘲笑,not_enough_posts,
joaomoemoekyun1999,Joao M,"本來都同大家一樣，聽完lala choi啲歌先喺呆咗之後都忍唔住笑佢
但直到見到有個人話唔敢笑lala choi，或驚佢係特殊人士
再特登上網fact check吓，先至發現佢同Simon都真係有輕度智障
又忽然間覺得雖然佢啲歌真係教會級別
但係佢又真係冇傷害到人，如果咁樣恥笑佢又真係唔好….
講到呢度，就算玩膠話自己係小彤貓嗰啲就算最後唔係曲線變直線，唔係當佢係阿儀嗰種就好了",2026-02-28 00:41:00,INFJ｜窮撚社畜｜香港賽馬會捐款人｜不定期講經佬,恥笑,not_enough_posts,
joaomoemoekyun1999,Joao M,"有冇人明￼
其實啲AI文同埋AI片真係睇到都煩…
有時睇到某啲Account￼係咁出啲AI文洗版
￼然之後成班人為咗堆￼文字垃圾鬧交….
又或者有啲懶係好笑嘅AI片，但完全係影像垃圾級別嚟🤦🏻‍♂️🤦🏻‍♂️🤦🏻‍♂️",2026-02-27 22:42:00,INFJ｜窮撚社畜｜香港賽馬會捐款人｜不定期講經佬,恥笑,not_enough_posts,
koyangchang,Cola Chang,"Team Taiwan !
逆風的時候主播就改回中華隊
￼￼我尊重你的認同，但是我恥笑你的無恥。",2026-03-05 12:45:00,#緁思構創造娛樂有限公司 當前僅一位,恥笑,not_enough_posts,
koyangchang,Cola Chang,"領先Team Taiwan
落後 中華隊
緯來雙標政治正確",2026-03-01 17:22:00,#緁思構創造娛樂有限公司 當前僅一位,恥笑,not_enough_posts,
ho_nai_li,Sharon_Zetti,"百貨櫃姐的生態真的好可怕🫠
昨天特地去植村秀想找自己的櫃姐買一顆眼影，因為是在日本那邊看到的，影片裡是當作打亮在使用，所以我就去問是不是打亮
剛好我的櫃姐有上班就過來跟我說那個是眼影，然後拿給我看（我的櫃姐站我對面）
結果旁邊突然多了一個氣場更強的櫃姐就要開始跟我介紹，我的櫃姐就默默飄走了😭
我就急著說「呃..！！我是找剛剛那個櫃姐😭」
結果這個氣場很強的櫃姐超級沒禮貌的恥笑一聲說「那你幹嘛不早說？」
我心想：你說不到兩句我就跟妳說了欸😭！！！
後來我的櫃姐過來，我跟她說這件事，她看起來很為難的跟我說「如果妳們不指名的話🥲我們都只能讓她們先講」
好可怕....資深的櫃姐真的好可怕🫠而且態度好差......",2026-02-21 12:57:00,"Once you make a decision,the universe conspires to make it,happen.
/
自己選擇的路，跪著也要把它走完。👣",恥笑,not_enough_posts,
catherine_hahahaha,Catherine キャサリン🩵,"用緊HKBN 100M 多年
盡情恥笑我啦🫣因為一直都懶得再鋪線
近排發現佢越收越差
咁啱就快約滿
佢話續約照舊價簽$99簽24個月
畀呢個錢有冇更好選擇？ 
謝謝各位",2026-02-26 14:44:00,"☀️私が私だから好きになってくれる人、
本当にいるのそんな人？☀️",恥笑,not_enough_posts,
catherine_hahahaha,Catherine キャサリン🩵,m.youtube.com/watch…,2026-02-14 22:22:00,"☀️私が私だから好きになってくれる人、
本当にいるのそんな人？☀️",恥笑,not_enough_posts,
lillian5402,Lillian🚀,"我看書一向很快，但這本書真實又沈重地讓我無法一次看完，謝謝這幾天的台灣人讓我想起我還沒看完的台灣史
你幾乎無法想像這一封封訣別遺書來自20幾歲，人生甚至都還沒開始的年輕人。光是看到每封信開頭是對家人的乞求原諒，眼淚就嘩啦嘩啦的流，不敢想他們提筆時心中在想什麼呢",2026-03-01 01:43:00,錢是大風吹來買可愛垃圾的👛₊✧✦🎀✧₊👗,遺書,not_enough_posts,
thunderchill,Mel Ko,張國榮 遺書中一句,2024-07-18 14:56:00,,遺書,not_enough_posts,
jamie.cyuen,꒻ꁲꂵꂑꈼ,"我用咗1日寫咗個App ，即時火災警報通知。
目前有附近火警通知，大廈緊急通訊，大廈各層狀態報告，一鍵報平安、失蹤人口登記，留遺言功能。
如果你都唔想再見到今次嘅悲劇重演，呢個APP 可能幫你亦幫到人，如果你都想香港少啲悲劇。
留言話我知，等我有動力上架畀大家用",2025-11-30 19:44:00,,遺言,not_enough_posts,
jamie.cyuen,꒻ꁲꂵꂑꈼ,"wangfukfire.com
整咗個平台for 搵住宿 同 提供住宿",2025-11-29 20:40:00,,遺言,not_enough_posts,
k0914037035,郭芯茤,"「我是為台灣人而死的」
第一個因為「主張台獨」被槍決的人，叫陳智雄。
精通六國語言，運用外交能力與人脈，幫助印尼獨立。
這樣的人，最後卻因投入台獨運動，被國民黨處決。
1963年5月28日。法庭上，他全程用台語答辯。
法官怒斥：「為何不講國語？」
陳智雄回答：
「台語就是我的國語。」
押往刑場時，他抬頭挺胸。
他們砍斷他的腳掌，鐵絲刺穿臉頰，抹布塞進嘴裡。
因為他們怕他開口。
即使滿口是血，他還是大喊：
「台灣人萬歲！台灣獨立萬歲！台灣獨立萬歲！」
50年後，2013年，他在印尼的女兒才收到那封遺書。
遺書上寫著：「我是為台灣人而死。」
有些人怕歷史被記得。
所以希望我們閉嘴。
但今天如果我們能自由發文，
至少，不要假裝不知道。
記住他的名字。
陳智雄",2026-02-12 01:17:00,"55:55，INFP，台灣囡仔，2貓1狗🐶
👼3隻貓貓2025當天使去了🥹
觀察人森，繼續呼吸321！
生活即政治，政治即生活！",遺言,not_enough_posts,
smzzzzzw,S,"不敢相信身邊居然有人這一生在遇到困難時
從來沒有「想死」的念頭過",2026-03-10 13:16:00,SMZW,想死,pass,
smzzzzzw,S,"自從變胖了之後
已經好久沒量過體重了😭😭
沒看到數字就沒事",2026-03-07 20:19:00,SMZW,想死,pass,
smzzzzzw,S,"感覺大家小時候都會有自命不凡的時候吧
以前總覺得自己很獨特、很厲害、運氣很好
不知道什麼時候開始
這種感覺就消失了
反而開始覺得
哎，我就是個普通人罷了
取而代之的都是那些不自信、自我解嘲
想想自己依然是庸碌之輩
有點對不起小時候的自己",2026-02-26 20:45:00,SMZW,想死,pass,
dreamqueen_poem,夢妃,"想死的時候，就去看看雲吧。
雲在天空中死過很多次，每次重生都是不同的體態。
它把自己捲起來又攤開，反覆地練習存在。
雲想死的時候會哭，會下大雨。
所以海洋都是雲的眼淚。
雲死掉的時候，屍體就變成雨，
所以下雨天，記得撐傘。
那些在地面上的雨會蒸發，重新變成雲朵，重來一遍。
雲就是這樣，反覆輪迴，還是那樣地白，那樣地柔軟。
原來，要死過很多次，
才能學會，好好地活。",2025-06-17 14:46:00,"「寫下一些我眼中，世界的樣子。」
在Instagram上寫詩💕歡迎前往追蹤",想死,not_enough_posts,
miyoko_1022,晴晴精品童著🌸原創訂製/各國童品選物,"結局對決過程真的是充滿問號？？滿滿的BUG
1️⃣
雪花
明明是巫師，應該透視任何事情
卻句句都是疑問句？
「她生病了嗎？」「她是得癌症嗎？」
所有占卜幾乎都是顯而易見~
例如：男生很痛苦？有想要輕生的念頭
一般會上節目，就是非常難捨去念想
會有這些行為根本不意外
召喚死者➡️表現出生前的苦痛
脫離肉身為何還有生前的疾病纏身？
難得跟老公再次對話，句句都是我不想死~我很愛你？對話空泛....唯一叮囑就是要好好照顧女兒然後好好活著😂這是難得再次交談的正常行為嗎？
靈魂離開➡️還跟來賓依偎著，是忘記自己劇本了😂
2️⃣素彬
姐姐到底是意外還是他殺，沒說明
來賓被附身➡️一開始對話就說是奶奶...而且態度極差，素彬說這個不是來賓的奶奶，因為奶奶不會對待別人沒禮貌....
但為何後面又說是姊姊附身?感情很好的姊妹，為何對妹妹有那麼深的怨恨，口出惡言..感覺變成惡靈..完全不合理",2026-03-04 22:44:00,,想死,business,
miyoko_1022,晴晴精品童著🌸原創訂製/各國童品選物,地宣道令真的很有冠軍像，2場都幾乎是完全神預測，但太年輕說話份量不重+被豬隊友害到😭然後~~為什麼！竟然沒有復活賽！！梅花跟他都很可惜耶！！,2026-02-25 21:06:00,,想死,business,
miyoko_1022,晴晴精品童著🌸原創訂製/各國童品選物,"🌸晴晴家 • 獨家訂製🌸
​天啊～這配色真的太高級了 🤎🐰
咖啡色波點 × 米菲兔
甜感裡多了一點溫柔質感
是那種「越看越耐看」的可愛 ✨
🤎 咖啡色波點裙擺
壓住甜度，讓整體更有層次
拍照起來超有質感！
🐰 米菲兔印花
童趣卻不幼稚，經典又耐看
媽媽自己都會愛上的那種搭配～
🎀 立體大蝴蝶結設計
轉身就是焦點
🎀 三層重工裙襬
不用裙撐也澎度滿分
#年後收單
#喜歡米菲一定要收
#咖啡色真的超耐看
小模特：🍓草莓
98cm / 16kg / 著100
這裡喊單👇
facebook.com/share…",2026-02-20 23:18:00,,想死,business,
daddy_sweetly,daddy_sweetly,"心臟🫀
每個人的心臟是不是都有不快樂的時候？
這些年 尤其近兩三年，常常胸悶到難呼吸甚至悶痛
發生很多次在睡覺時候，要很掙扎很掙扎才能喘過氣
呼吸都覺得憋住
很偶爾在日常走路的時候也發生
健康檢查也只說二尖瓣膜 三尖瓣膜脫垂
還有什麼原因會導致這樣的情況嗎？",2026-03-04 18:11:00,嘻嘻🌗,胸悶,not_enough_posts,
na.heizen,𝐇/𝐞/𝐢,每次開學￼Vivian就覺得有啲發燒有啲頭暈有啲頭痛有啲想嘔有啲食慾不振有啲噁心有啲血壓下降有啲全身肌肉酸痛有啲神智不清有啲胸悶腹痛有啲渾身無力,2026-02-25 22:57:00,一體機全肯定,胸悶,not_enough_posts,
1985banbanlu,1985banbanlu,"雖然已經提出離職，並做到這個月。
但真的第一次讓我不想馬上找工作，
連履歷書都還不想打開。
也不深入去想下下個月沒薪水要怎麼活。
才真的覺得做這份工作真的好累ㄚ…
奉勸察覺不適合如今工作的朋友，
真的不要硬撐。
想說撐一年又一年，履歷比較漂亮。
結果一年後還要待一個月才能走，真的很痛苦。
看著其他同事不到一年，馬上講當天就離開，
真心羨慕….",2026-03-11 22:24:00,,不想活,pass,
1985banbanlu,1985banbanlu,"YA~今天想說要去看嘉義燈會，
另外精神上支持棒球，
穿上新買的Taiwan No.1。
結果真的贏了✌️
買得好值得❤️",2026-03-08 16:12:00,,不想活,pass,
1985banbanlu,1985banbanlu,"昨天命運般地看到《戀上海明威》這部電影，
裡面片段有主角在國民黨與共產黨內戰的採訪片段，蔣介石與宋美齡的傲慢無禮及根本不在乎底層人民的態度，去比較共產黨的領袖之一周恩來。來判斷共產黨一定會贏。
後面美國安排國民黨來臺，看到這幕時，真的心裡OS大喊不要來。
太晚看到這部電影，臺灣人真的可以去看看。
相比蔣介石夫妻兩的穿著跟底層人民的比較，到底是剝削了多少錢，才能相差那麼大…",2026-02-28 22:45:00,,不想活,pass,
1985banbanlu,1985banbanlu,"雖然跌倒，但今日行程之一：看燈會，還是沒取消。從普濟殿-》神農街-〉海安宮，這樣走下來，蠻chill的。
另外海安宮拍照三張照片，上傳FB還送可愛小馬燈籠，今天的額外收穫。個人覺得海安宮的馬年燈，真的很讚😎
沒拍影片，但會動喔！！",2026-02-28 21:23:00,,不想活,pass,
tae865437,用户7283,"虽然很多人都骂
番茄只吃一口
但谁又不想活成那个样子呢！",2026-03-10 13:36:00,,不想活,not_enough_posts,
118.079,水豚,35歲就失眠 我是不是沒救了 我可以11點躺在床上 眼睛閉上睡不著 一直到早上8點…..,2026-03-13 13:32:00,水豚,睡不著,not_enough_posts,
jayvonry268,西柚,睡不著欸 最近又開始睡不著了啦 有沒有什麼助眠的方法或是助眠運動 不想靠藥物了啦 整夜整夜的睡不著很痛苦欸 要瘋掉,2026-03-13 11:00:00,沒有人認識的號 想說什麼就說什麼的感覺不要太好了啦,睡不著,pass,
jayvonry268,西柚,一個人心情鬱卒的時候 看什麼都灰濛濛的啦,2026-03-12 09:49:00,沒有人認識的號 想說什麼就說什麼的感覺不要太好了啦,睡不著,pass,
jayvonry268,西柚,故事收尾 人要清醒 從此山水不相逢,2026-03-11 15:31:00,沒有人認識的號 想說什麼就說什麼的感覺不要太好了啦,睡不著,pass,
_7xzuck,梧桐雨,我好难过,2026-03-14 02:09:00,那你怎么说不出我特别在哪里,睡不著,not_enough_posts,
qq__5052,ᰔᩚ🐋,"想請問各位～先生近期的症狀
晚上睡覺會頭腦會不停的東想西想睡不著、不管甚麼睡姿手腳會莫名想伸直並出力（尤其是腳）的症狀 這個症狀已持續約四個月，每天都會翻1-2小時 才會不經意睡著，有時候做夢睡醒 感覺沒什麼睡到
有沒有人也有這樣的症狀 要看什麼科 或是 有什麼解決方法？
有上網查說 可能是 不寧腿症候群？",2026-03-13 11:39:00,不想讓認識的知道我 所以用小帳來發日常跟抱怨文😆,睡不著,not_enough_posts,
14._.caj,陳奧吉,"誰懂
18歲的時候走進超商買酒
要結帳的時候 心裡os
我證件準備好了 來吧
結果…
他回 有會員載具嗎",2025-09-04 18:50:00,"台南｜INFP
🏍️ R15v3｜𝕔𝕔𝕒𝕗𝕤𝟙𝟙𝟛
🎓 北醫健康管理師認證
副業 × 運動 × 旅遊 × 瘦身
從生活開始，找回健康節奏",睡不著,not_enough_posts,
sky_700706,Nick Huang,"起床尿尿⋯⋯就睡不著了老狼嗎💢
有人跟我一樣老人症頭打個招呼啊好😂",2026-03-14 05:20:00,"暖心雞湯餐飲事業品牌執行長
暖心個人獨享土雞鍋063035114
我要成為雞湯王。 065890010",睡不著,business,
sky_700706,Nick Huang,"我的貓真的超愛跟我睡耶❤️
你的貓貓也愛跟你一起睡覺嗎？
發給我看看🫰🏻",2026-03-13 17:44:00,"暖心雞湯餐飲事業品牌執行長
暖心個人獨享土雞鍋063035114
我要成為雞湯王。 065890010",睡不著,business,
sky_700706,Nick Huang,"我家胖哥哥真的不服輸耶
我的手就是不能壓在牠的手上耶😆",2026-03-12 21:26:00,"暖心雞湯餐飲事業品牌執行長
暖心個人獨享土雞鍋063035114
我要成為雞湯王。 065890010",睡不著,business,
sky_700706,Nick Huang,"一早附近早餐店點了一碗鍋燒麵想喝點熱湯！吃了幾口！蟹肉棒酸的！
 夾夾起裡面的調理肉片咬下去大酸壞的味道！不會太誇張嗎？
跟老闆反應後！老闆只說了歹勢喔！然後收了我錢當作沒事了！希望不會有客人吃出問題啊⋯⋯",2026-03-12 06:53:00,"暖心雞湯餐飲事業品牌執行長
暖心個人獨享土雞鍋063035114
我要成為雞湯王。 065890010",睡不著,business,
jannymaxi28,jannymaxi28,"初老症狀ㄧ
早早醒來就睡不著的我…
有誰現在也醒著的..",2026-03-14 04:54:00,單身.寧缺勿濫.討厭菸味.喜歡吃美食.喜歡趴趴走但懶的一個人走.歡迎來分享美食,睡不著,not_enough_posts,
jannymaxi28,jannymaxi28,風好大也好吵…,2026-03-13 04:21:00,單身.寧缺勿濫.討厭菸味.喜歡吃美食.喜歡趴趴走但懶的一個人走.歡迎來分享美食,睡不著,not_enough_posts,
nk92113,𝐂𝐢𝐧𝐝𝐲 ｜ 台北健身教練,怎麼辦我睡不著 因為要比Hyrox 太興奮你們也是嗎？,2026-02-28 01:31:00,查無此人…….,睡不著,not_enough_posts,
nk92113,𝐂𝐢𝐧𝐝𝐲 ｜ 台北健身教練,哈哈哈哈哈來看看2/28我的手會怎麼樣,2026-02-23 23:29:00,查無此人…….,睡不著,not_enough_posts,
meiabby,草莓 Abby 🍓🐷,"我不會失眠
我閉著眼睛就可以睡覺
但我每天都只睡3-4小時就醒來 精神很好
睡不回去 也不喜歡起床又睡覺的感覺
我每天睡前的願望都是可以睡超過8小時
我不管10點睡 11點睡 還是早上才睡
都一樣只睡3-4小時 雖然精神很好
但還是好羨慕可以睡12小時的人類",2026-03-12 00:05:00,我要在這裡亂講話！,失眠,not_enough_posts,
tim149394,莫墨,"一直失眠
有人有小妙招嗎
還是推薦的醫生
睡眠軟糖也吃了…..沒什麼效果",2026-03-12 08:09:00,莫墨水族館負責人  淡水觀賞魚買賣,失眠,business,
tim149394,莫墨,"13-15公分
精品金達尼有老闆要帶回收藏的嗎！！",2026-03-10 13:32:00,莫墨水族館負責人  淡水觀賞魚買賣,失眠,business,
tim149394,莫墨,贏了,2026-03-08 14:08:00,莫墨水族館負責人  淡水觀賞魚買賣,失眠,business,
mika_s3012917,Mika咪卡｜勵志夫妻｜搞笑｜育兒｜夜市｜,"謝謝一直細心呵護的老公🤎
#孕媽咪 #懷孕日記 #孕婦日常 #孕媽咪日記 #銓能咪卡",2025-02-26 21:13:00,"高壓的時代.來點舒壓.帶給你們歡樂😆
▪️生活在IG: Mika_s3012917 
▫️結束5年夜市擺攤人生.成功轉經營自媒體4年
▫️只分享我們愛的.喜歡的",懷孕,not_enough_posts,
onelife_select,One Life Select ♡,"我媽那天人不舒服去看醫生
上車後跟我說兩條線 懷孕了
我整個嚇到
腦袋超多畫面跑過去
想說 我懷不到二胎 結果我媽五十幾竟然懷孕
我該支持還是怎麼樣
我就問了句：是爸爸的嗎？
我媽傻眼看着我：白痴喔 我子宮都拿掉了 你有事嗎
-
回過神才覺得自己北七
去耳鼻喉科為什麼會有驗孕
邏輯死亡欸我 到底😂
但我當下真的相信了😂",2025-12-21 13:19:00,休息中來碎碎念,懷孕,not_enough_posts,
onelife_select,One Life Select ♡,還記得去年看到時覺得好震撼⛄️,2025-12-10 11:55:00,休息中來碎碎念,懷孕,not_enough_posts,
jon._.1104,喬安𝕵𝖔𝖓,"以前聽人說「懷孕很辛苦」，我以為只是孕吐而已。
直到自己真的懷了，才發現
辛苦的是，日常生活的每一件小事都要重新學一次。
以前大吃大喝，現在吃錯一口胃就燒整晚；
以前走路逛街，現在走兩圈就要找椅子；
以前情緒不好睡一覺就過，現在情緒不好還會內疚影響胎教😵‍💫
最難的是那種「你好像也沒病，但每天都不太舒服」的狀態。
每次人家問我怎麼了，我都想說：「我也不知道，但就是哪裡都不對勁。」
原來懷孕，不只是肚子在長，
也是整個生活、情緒、自我感覺，全部被翻新一次。
請給每個孕婦多一點理解，
因為我們正在用全身的力氣，迎接一個生命，也努力照顧自己。",2025-07-23 10:49:00,,懷孕,not_enough_posts,
ninamama_0322,Nina｜育兒教養｜IG自媒體,"懷孕那十個月
很多人只看到肚子變大
但只有媽媽知道
那段時間
睡不好
身體不舒服
情緒起伏
甚至有時候會害怕。
但當孩子出生那一刻
一切好像都變得值得了。
原來
媽媽不是突然變成媽媽的
是從懷孕那天開始
一點一點長大的。
⸻
如果你也是媽媽
你懷孕時
最辛苦的一件事是什麼？
留言跟我說 🤍",2026-03-10 15:24:00,"🩷ⒷⓌⓁ 全美世界
👧不僅是媽媽，也是女兒，更是自己。
🩵健康管理/終身學習/換位思考
🛒素顏零底妝",孩子出生,not_enough_posts,
bee_30678,綠菇菇,"少子化與其說是現在青壯年對大環境無聲的抗議，不如說大家其實看清了
看清了政府為了保護戰後嬰兒潮那些選票
不敢打房因為房產幾乎都在這些人手上，再來就是政府官員也是名下房產一堆
看清了孩子如果出生會複製自己的平庸，融入大環境裡的低薪高物價高房價，與其不要讓他出來受苦
看清了現在政府的每一步都是在透支未來，犧牲的是從現在的年輕人到下個世代的人，換取中老年人的退休烏托邦和持續累積世代家產
可預見的未來裡，中產慢慢消失，社會上不是菁英就是8+9生的黑子，年輕人的勞保已經撐不起退休人士、稅收大減、勞力緊縮、中小企業瓦解，國家一步一步倒退，而那個未來到來的時候，這些政府官員、囤房老人早就已經爽死去了，剩下的爛攤子通通由未來出生的人來承擔",2026-03-11 22:30:00,出沒：弓箭手訓練場ⅠⅡⅢ、迷宮通道、魔法森林南部、智慧森林、森林底部、魔法森林南郊、大木林Ⅲ、南部森林訓練場ⅡⅢⅣ、北部森林訓練場ⅡⅤⅥⅦ、北入口、南方工地、歷恩森林ⅠⅡⅢ、墮落城市森林ⅡⅢ、勇士村西部、勇士村西入口、西方岩石山Ⅲ、岩石路Ⅰ、勇士村東部、黑森林、黑森林沼澤、森林迷宮Ⅱ,孩子出生,not_enough_posts,
ring_liao,Ring Liao,失業第三天 我好快樂,2026-03-06 10:58:00,✈️❤️🪙,失業,not_enough_posts,
ring_liao,Ring Liao,"我在生氣 但我還是想說I dot car.
😤😤😤😤😤",2026-02-20 14:13:00,✈️❤️🪙,失業,not_enough_posts,
rubbish_long,Shum Kar Long,失業，甚麼都好，除了沒錢🙂,2025-08-11 17:45:00,待業,失業,not_enough_posts,
chao_hsiao_li,Dana Chao,"今年51歲於2024/11/7失業，今天終於上岸
ㄧ度看著襯衫高跟鞋，以為不在有機會穿了
期間曾去7-11上班也考取照服員證照
心裡始終無法忘懷辦公室工作
履歷表投了不知道幾百封（不敢數）期間不斷修改履歷表，但面試機會極少
甚至曾被面試主管嘲諷年紀大及要我接受最低薪資⋯⋯
這段期間也曾到處求神問事卜卦
並自己給自己打氣，「堅持」「沉住氣」終於
如果你也是50+還沒上岸，我願分享好運給你",2026-01-07 00:46:00,youtube.com,失業,not_enough_posts,
lee_lin_days,LeeLin,"Hi 歡迎你來到這裡，我是Lin。
去年9月公司部門解散而被資遣，隨後因家裡的事情忙碌至今。
這5個月領著失業補助、接接外包、吃存款過活。而這個月，是最後一次的失業補助。
希望這個月可以找到理想工作！
看到這裡的你，如果也有想達成的目標，一起努力吧！
祝彼此順利。",2026-03-10 01:57:00,"拖延症 低能量 待業中
每天一篇待辦清單📝
直到找到理想工作💼",失業,not_enough_posts,
open_16800,open_16800,"40+失業的我
從失業到現在已經3個多月
從一開始的迷茫、疑惑
到後面的焦慮、沮喪
無法計算投了多少履歷
卻只收到一次面試機會
就在今天收到offer
原來40+還是能被看見的
給失業的朋友一點信心
人生很長
我們20幾年的工作經歷
一定會被有眼光的人賞識",2025-12-10 13:44:00,,失業,not_enough_posts,
ean_wil,Ean,"長大後我害怕的兩件事：
1. 失業
2. 上班",2025-09-29 17:54:00,,失業,not_enough_posts,
ean_wil,Ean,"在外國打噴嚏，其他人：Bless you！
在香港打噴嚏，香港人：屌你！",2025-09-25 23:37:00,,失業,not_enough_posts,
ccshark_0.0,脆鯊,有沒有粥p可以加一下好友😭😭,2026-02-23 11:56:00,9up ac,失業,not_enough_posts,
jian.z.chu,歐歐,中老年了感覺換工作很難，要體力也不行了吃，傳產感覺越來越慘不知道還能撐多久，感覺該想想副業做規劃了避免那天中年失業,2026-03-11 13:34:00,每天都在追錢,失業,not_enough_posts,
cftang0827,Paul Tang,"本業是軟體工程師，真的很怕以後失業
想在工作之餘培養個第二專長加減做
有什麼推薦的嗎？😂
聽聽大家的想法",2026-03-11 02:00:00,"在日軟體工程師 🧑‍💻
台灣日本兩邊跑 🇯🇵🇹🇼 
偶爾日本連線代購 🛍️",失業,not_enough_posts,
cftang0827,Paul Tang,"3/11-15東京連線喔～
可以私訊小編詢問商品
入群++",2026-03-10 16:36:00,"在日軟體工程師 🧑‍💻
台灣日本兩邊跑 🇯🇵🇹🇼 
偶爾日本連線代購 🛍️",失業,not_enough_posts,
tako_shinrin,tako_shinrin,"[DAY 39] 失業日誌
怎麼履歷投了，
企業連信開都不開，
是手機壞了嗎！",2026-03-12 19:00:00,隕石撞擊｜現職待業恐龍,失業,pass,
tako_shinrin,tako_shinrin,"[DAY 38] 失業日誌
聽說早上10點到12點之間投遞履歷，
開信成功率最高，
鬧鐘設定好準時發送，
什麼偏方都開始嘗試。",2026-03-11 12:00:00,隕石撞擊｜現職待業恐龍,失業,pass,
tako_shinrin,tako_shinrin,"[DAY 37] 失業日誌
今天把履歷跟作品集最後整理，
就剩下履歷照了，
把生活照給AI修的專業感一點，
生出來的圖片你是那位？？",2026-03-10 14:30:00,隕石撞擊｜現職待業恐龍,失業,pass,
uglydiaryinhell,腫泡泡,"年後開始找工作，這幾天丟了幾個餐飲業，都是無聲卡，應該是年紀那關就被刷掉了吧？
去年有部很紅的日劇《有本事換你來做啊！》，有一集是失業的女主角找餐飲工作時，因為沒有相關經驗跟背景，一直被刷掉，有個面試還直接說：怎麼會這個年紀才想轉職呢？
這句話也擊中我，劇中女主的設定是30歲，而我已經年過40歲......
之前曾去某個鍋燒意麵店面試，對方也是覺得對我轉換跑道有疑慮，甚至只用了一分鐘就結束面試。
餐飲缺工，但缺的是有經驗者或是新鮮的肝。
當時信心全無，覺得自己又老又醜又胖又沒能力，這輩子都找不到工作。不過就算這麼想，工作還是要找，沒那麼好命不用工作的。
明天重新打起精神，往零售業找找吧！",2026-03-12 01:22:00,努力從腫泡泡變成泡泡！,失業,not_enough_posts,
uglydiaryinhell,腫泡泡,"第五週3/2~3/8
本週增加1.4公斤。
早上量體重前就猜到會有這樣的結果，本週後面幾天徹底失控了。打開脆時還思考了一下，是不是把之前記錄減肥的貼文刪掉，砍掉重練算了。
但還是決定繼續記錄，面對自己減肥五週只瘦1公斤的事實。
之前已經重來好多次了，一次又一次，彷彿進進時間迴圈，一點長進都沒有。
失控了就試著努力控制，吃胖了就好好減回來，接受自己的軟弱跟錯誤，刪掉只是逃避。
我不想再逃避，第六週要開始了。",2026-03-10 02:43:00,努力從腫泡泡變成泡泡！,失業,not_enough_posts,
tako_shinrin,tako_shinrin,"[DAY 40] 失業日誌
這週開始認真寫履歷投履歷，
結果比預計的還要不順利，
出門放空。",2026-03-13 19:00:00,隕石撞擊｜現職待業恐龍,失業,pass,
ntpy_23,BBQ🥩,"不好意思
想要失業的話要拜哪個神",2026-03-06 11:32:00,不是假帳號 謝謝：）,失業,not_enough_posts,
bendaistore.sanrio,Bendai Store－三麗鷗,"🍮Lowrys farm x 布丁狗
迷錯！布丁狗又又又來搶大家的錢包了（快破產⋯
但沒關係 努力賺錢就是為了買喜歡的東西🤩
繼上次repipi家 這次換lowrys farm 跟布丁狗聯名囉～～
一樣群組會有代購 希望的可以加入我們喔！！！！
裡面是布丁狗大本營🥳",2026-03-10 09:57:00,"ʚ可愛的三麗鷗來襲 🎀ᩚ
ʚ官網下單！方便又快速 💛ྀི
ʚ商業登記！不怕買到假貨（統編：28604614）
-
闆闆是超級布丁狗愛好者🍮",破產,not_enough_posts,
bendaistore.sanrio,Bendai Store－三麗鷗,🍮出清一些小布丁！！,2026-03-06 21:46:00,"ʚ可愛的三麗鷗來襲 🎀ᩚ
ʚ官網下單！方便又快速 💛ྀི
ʚ商業登記！不怕買到假貨（統編：28604614）
-
闆闆是超級布丁狗愛好者🍮",破產,not_enough_posts,
lamball_wool,lamball_wool,"想找一個會玩楓之谷的男生朋友一起練功～
我是135主教🙋‍♀️I人，但熟了會開始亂講幹話請自行評估😂
最近終於成為主教了
只能說這職業根本是用水燒出來的 =^=
目前在神木村練等，練到經濟直接結据⸝⸝⸝ᵒ̴̶̷̥ ⌓ ᵒ̴̶̷̣̥̀⸝⸝⸝
水一買就快破產，主打一個玩到沒錢就退坑（？）
💸 有沒有主教技能書太多的QQ
💸 或是好野人願意贊助我一點水錢😆
我會帶著你的心意慢慢長大 ε(*´・∀・｀)зﾞ
底下留代碼，可以直接加好友一起玩～
聊天、打遊戲、一起窮都可以🤣",2026-01-27 02:22:00,"大I人 楓之谷日記
祭司緩慢長大中",破產,not_enough_posts,
mm__mymy0819,楊欣宜,"少子化真的有夠荒唐 

大家喊缺工缺人才 

結果一堆人連生都不想生 

薪水卡在兩萬多 

房租一間小套房就要一萬起跳 

小孩教到大學 

直接破產三代 

然後政府在那邊推什麼育兒津貼 

三千五千丟下來 

是在施捨乞丐嗎 

養貓都比養小孩划算 

至少貓不會跟你開口要出國留學 

真的笑死 

你們覺得以後誰來繳我們的勞保😂",2026-03-08 15:20:00,"皮膚管理師｜斜槓人生| 
-
生活是一面鏡子。你對它笑，它就對你笑",破產,not_enough_posts,
jo___666666,jo___666666,"每次覺得沒動力繼續玩下去的時候
阿泰爾就會給點甜頭繼續挽留我
阿泰爾虐我千百遍 我待阿泰爾如初戀😍
賣個5幸11AD手套 救救破產主教🤡",2026-03-12 15:04:00,,破產,not_enough_posts,
jo___666666,jo___666666,"紀念一下困拉首通，14過1🤡
第一次放復活就上手！
但是掉一排乳酪真的是氣笑¯\_(ツ)_/¯",2026-03-07 06:18:00,,破產,not_enough_posts,
ash_222___,陳玟伃,"大家好 今天從草率季回家後 心裡依然對一個手作銀飾的攤位念念不忘⋯⋯
最有印象的作品是一個粗戒指 上面是星星的簍空 旁邊還有一個特意氧化的黑色的小星星
當下因為快破產了所以猶豫了一下子
特地拿了名片結果不小心弄丟了😭
（名片是灰色 細長條的形狀）
想問廣大的脆友知不知道是哪一位創作者的呢⋯⋯
非常謝謝大家😭🙏",2026-03-08 18:59:00,整天拍些有的沒的,破產,not_enough_posts,
sunnywen0314,桑Sunny,"當房東當到快破產
連房客都擔心我買太多東西想幫我省錢🥹
大雅房終於出租
目前還有一間有獨立陽台的喔🤩
離南勢角捷運站走路兩分鐘
歡迎私訊",2026-03-09 16:07:00,"ENTP
On a gap year",破產,not_enough_posts,
sunnywen0314,桑Sunny,"徬徨的27歲尾聲
允許自己迷惘
放任自己思考
做了後悔總比不做後悔來得強！",2026-03-03 18:46:00,"ENTP
On a gap year",破產,not_enough_posts,
tai_tai_831,LittlePrince💀,"1983-2025 人生回顧
0歲廣華醫院出世
0歲父母￼離異
1歲被送到廣州寄養
2歲頭穿了回港醫治
3歲送到屯門寄養家庭
6歲入三線小學
￼12歲入band 5 學校
15歲被趕出學校
16歲第一份長工意粉屋
18歲做地產（發夢自己可以變神童輝）
20歲沙士（被無良僱主欠薪￼）欠債纍纍￼
20歲同自己夢中情人拍拖
23歲被夢中情人飛了（佢覺得我沒有將來）
24歲發憤￼上大陸創業
25歲搵第一桶金
26歲￼金融海嘯，事業失敗破產了
27歲再創業
33歲靠買股票￼，戶口首次突破一千萬
34歲中國股市崩盤，戶口得返23萬
35歲抽中居屋買樓
37歲新冠爆發￼（公司做旅遊三個月後倒閉）
38歲欠債纍纍，打工還債
￼40歲疫情完，把居屋賣了，重新創業
41歲結婚
42歲生仔￼￼
￼
人生不停起落",2025-05-20 23:20:00,,破產,not_enough_posts,
hsinhui0219,欣蕙🐾 Dora,"最近剛離職，終於離開這種有毒的生活☠️
在上一份工作中，內耗很嚴重🌀
每天晚上想到隔天要上班都會很焦慮
後來甚至假日也在焦慮，睡覺都睡不好
做什麼事都提不起勁，下班只想放空
還會有很討厭自己的想法出現
覺得自己很糟糕
每天都不知道在過什麼日子
都沒有好好生活的感覺😭
這樣的狀況維持一年多⋯真的好可怕好累
累積了好久
現在只想好好休息❤️‍🩹
希望一切都能越來越好✨",2026-03-02 10:51:00,,生活不順,not_enough_posts,
wizi_0201,Will,"新加坡特種兵旅行18小時
1.捷運手扶梯好快
2.餐廳大部分都沒有主動提供衛生紙
3.亞坤咖椰吐司、亞華肉骨茶、興興海南雞飯、河南大蝦麵🈚️雷
4.牛車水 龍華院看了
5.新加坡司令真上頭
6.爬得要死的tree tunnel 後來發現入口就在捷運站旁
7.Jewel 瀑布秀有點牛
8.頂著腳掌水泡暴走兩萬五千步
結論：好熱好累，第一次希望這個地方有冬天。",2026-03-11 01:25:00,,好累,not_enough_posts,
venus09.11,王心妤,"你永遠都不會知道我有多喜歡你
-
我真的…喜歡的好累
為什麼我喜歡上了一個
怎麼樣都
不會有可能
的人啊…",2025-07-15 13:30:00,,好累,not_enough_posts,
foodie.sakura,🌸櫻花 の 肉食記,"推薦沈迷於pokopia的玩家準備好以下道具：
眼藥水
新鮮藍莓/速攻藍莓
蒸汽眼罩
熬夜玩得好累但好好玩",2026-03-10 10:36:00,隨意吃吃 開心就好,好累,pass,
foodie.sakura,🌸櫻花 の 肉食記,"很久沒去吃開飯了，曾經瘋狂到每1-2週必吃一次，現在對川菜的要求越來越苛刻，一直追求味道更濃郁、更道地、更麻更辣⋯
但開飯確實是一個方便又好吃的選擇，催淚蛋、流口水雞、麻婆豆腐都很下飯，這次試的金湯肥牛就還好，熗炒高麗菜也少點鍋氣，以後還是回歸每次固定點的那幾道菜就好。
壽星當月用餐可以換一份免費的銀絲捲！搭配煉乳和花生粉超好吃的！
2026.3月訪",2026-03-08 00:27:00,隨意吃吃 開心就好,好累,pass,
foodie.sakura,🌸櫻花 の 肉食記,"2026第一季度的國秀大餐！
炸鰻魚&蛋黃醋、甜蝦&炸甜玉米、瑪黑茶冰淇淋&櫻桃 草莓這三道是當天的亮點✨
解鎖了加了超大一塊奶油的玉米蝦肉釜飯（吃不完的包起來又吃了兩天）
驚喜加碼過年限定的柿餅烏魚子 超好吃😭
2026.2月訪",2026-03-06 22:13:00,隨意吃吃 開心就好,好累,pass,
foodie.sakura,🌸櫻花 の 肉食記,"💸人均300-400 菜單p3
能找到這樣一間用心做牛肉麵、用餐環境又很優的店真的很不容易
吃川味牛肉麵，牛肉塊很厚但軟嫩好咬，牛筋又燉到微微彈牙（我超討厭那種燉到黏糊糊的口感），湯頭本身的香甜又不會被辣椒香氣蓋住。
吃到後段再往裡面加桌上擺的那個朝天椒醬，蠻辣的有夠開心！
可以像拉麵店那樣客製化一些選擇，選寬麵/細麵、湯的濃厚、湯多湯少、加不加料、加不加麵之類的。連胡蘿蔔都煮得很好吃，還有加香菜蔥花。這些如果不愛吃應該也可以提出不要加。
店是在捷運凹子底站2號出口走出來，再回頭才會看到！
以牛肉麵來說價格算中段偏高，但麵的口味和用餐舒適度我認為是對的起這個價格的。請幫忙謹慎分享，我怕下次吃麵要排隊太久🤭
2026.3月訪",2026-03-05 13:29:00,隨意吃吃 開心就好,好累,pass,
alter.0612,李辰祥,終於考完啦🥳 整整252天好累啊，整個考研的過程跌宕起伏，從暑假的鬥志昂揚、開學的連滾帶爬，到考前的無所適從，再來隨著一間一間考完，心態也從破防到今天考東吳已經隨便了😂考研的過程中認識了很多新朋友，但也跟班上同學疏遠了很多，甚至我還被人討厭莫名有些紛爭？不過這些我都撐過去了，目前放榜了兩間，要上可能需要一點奇蹟，其他幾間接下來也會陸續揭曉，不管什麼結果我都接受，畢竟考試的時候我也已經全力以赴了，剩下的就盡人事聽天命吧！😇 明天又是個新的開始，差不多可以回歸會計師班聽課了（閒不下來）,2026-03-01 21:33:00,"小王子來自B612星球
-
SCU ACC",好累,not_enough_posts,
mfje.379,mfje.379,"哭哭 今天好累 好想要有個女朋友可以訴苦
但是即使真的有我覺得後面我心情好起來了 又會覺得我不想談戀愛了",2026-03-05 18:31:00,女同,好累,not_enough_posts,
lebledorworker,lebledorworker,"關於金色三麥的職場
其實三年前或是五年前吧
三麥最讓我們這些員工引以為傲的
就是福利跟薪資了
工讀生的時薪超高還有穩定的國定假日雙倍
正職特休穩定放假可以好好放鬆
所以我從來也沒有提過離職
也跟老婆和婆家的人說
其實工作本來就很辛苦
尤其是在三麥這種業績好的地方
公司一定不會虧待我們的
到如今
各種雜亂無章的沒有目的的贈送活動
酒是我們的驕傲
但客人喝到的沒泡沒冰還要等很久
多請幾個員工到底會花多少錢
你們高階的主管每個都領四個人力以上的薪水吧
你們下來巡視有表現出四倍的工作能力嗎
還是只是在老闆們面前
說我們現場有多棒
在你們管理之下公司運作非常穩定
然後基層累得半死
每間店的主管也死撐
因為薪水很好
然後繼續讓新來的員工
從這裡好棒喔我要努力賺錢
到最後變成
我不行了我撐不下去了
你們加油我要先走了⋯
真的好累呢
你們高層真的都不會懂對吧
那基層的你們還在拼什麼？
身體顧好吧
效率高重要嗎（沒錢拿啊）
服務好重要嗎（翻桌才能不會被罵啊）
餐點擺盤重要嗎（隨便啦等一下又催餐）
好棒呢金色三麥",2025-11-04 00:06:00,,好累,non_life,
lebledorworker,lebledorworker,"金色三麥的快樂用餐體驗
今天在三麥用餐想要個紙巾都找不到服務人員
今天在三麥用餐都沒有服務生幫我們加水，好渴。
今天在三麥慶祝生日，以前都會主動慶生今年的服務生都沒笑容而且唱歌速度好快，感覺好差。
豬腳皮很硬欸薯條都是冷的
火鍋料好少一份還要這麼貴
對對對客人都對
有反應問題的客人就是招待給他按下去
這樣下次吃金色三麥知道了吧
上面隨便挑一個講
保證妳的結帳金額會出現小變化
最好再用餐時還順便打電話給客服部門
反應該分店用餐體驗狀況極差
反正公司一定馬上檢討現場人員
完全不會去思考缺工的問題
餐點你說冷冷的
等一下你就會拿到一份熱熱的
你說服務好差
服務費馬上消失
你說豬腳皮很硬？ 
這哈哈你自己去試試看
保證滿意👍
所以妳說三麥的高層好不好當
其實還不錯
因為沒問題啊
有問題都是基層的這些人在亂做服務
基層的人在砸招牌",2025-11-03 23:49:00,,好累,non_life,
lebledorworker,lebledorworker,"金色三麥在運營方面是否有模仿的對象？
這個問題的答案相信有在業界待過的人都清楚
今天來探討
「代理人激勵機制」
你們有沒有覺得自己的店常常生意很好
有沒有覺得人力一直很不夠
那最直白的問題
就是公司不想多花一兩千去提高底薪
反倒是想用41000左右的薪資去賭
人力就這樣來來去去
那到底為什麼主管都不幫忙解決人力問題
他們不去找人？
他們不去爭取更高的底薪？
有些主管甚至打卡了還繼續免費加班
這些其實就是效仿麥當勞與星巴克
給予高額的獎金然後讓主管高壓式的帶領團隊
團隊認為福利不好
主管自然而然不會去爭取
因為他們都是領了獎金的乖寶寶
那我們基層甚至副手等級的人
到底該如何生存
離職是一個方法
但我們還是要有解決方案的
那就是低效的工作
一間店該有20個人在職
去年目標業績500萬
那今年10人在職
請問目標業績該是多少
答案600萬 
沒錯這就是血汗金色三麥
總公司沒在管你多少基層累得半死
那我們要懂得珍惜自己
主管想要業績好
想要獎金很多
不好意思自己下來翻桌
錢都是主管賺走
身體傷的是基層的我們
一點也不值得
反正薪水都不調整
那憑什麼業績要一直創新高？",2025-11-03 23:40:00,,好累,non_life,
bian_bien,BIEN ⸝⸝·,"跑步教練第一次比Hyrox，很像走錯棚，超細😂
請教各路大神🥹
Wall balls這樣有合格嗎？
全身的力氣都用上了⋯好累但我下一次還想比！！！
#好運跑班#Hyrox",2026-02-28 12:20:00,"Hsinchu
｜ 
Slow build. Honest miles.",好累,pass,
bian_bien,BIEN ⸝⸝·,雙人完賽之後看到最喜歡的youtuber!!! Dodomen Eric!!! Let’s go～～～加油🐬,2026-02-28 11:12:00,"Hsinchu
｜ 
Slow build. Honest miles.",好累,pass,
bian_bien,BIEN ⸝⸝·,"回鄉過年很療癒的一件事！野跑！
在戶外跑步時，不只是腿在動，眼睛也在做「動態伸展與回彈」噢！
#沒車沒高樓空氣不錯",2026-02-16 12:28:00,"Hsinchu
｜ 
Slow build. Honest miles.",好累,pass,
aeiou.1166,aeiou.1166,"台中工作真的好難找喔😮‍💨投了幾十個履歷
只有寥寥幾間通知我面試 然後也沒有應徵上😭
真的好累喔😔不想繼續待現在這間公司了",2026-03-04 12:29:00,,好累,not_enough_posts,
cathy.notesla,木子皿La,"Bradley Jaden Live in Taipei
在2025悲慘世界音樂會台北場Javert知道他的，
那時第一次有種愛上Javert的感覺（10週年版太冷酷每次都跳掉）
.
這次最愛的曲目不意外的是悲慘世界的The Star ，意外的是麥迪遜之橋的Wondering，不知為何就是喜歡。
.
下半場開始感覺總裁聲音開始卡卡，忍不住每首都為他緊張…..（感謝音樂總監人很好拿水給他，一開始還誤會總監要自己喝😆)
.
很喜歡歌曲之前的詳細說明，可以一窺選曲背後的故事和歌曲對歌手本人的意義（是真的很詳細！），讓人認識到歌手除了美聲之外，真誠和心懷感謝的另一面，感覺一直聽到他各種感恩和稱讚，今天有來真是太好了～
.
本次驚喜是嘉賓Ben Forster，居然唱了萬世巨星的Gethsemane!!!整個人從步入舞台到演唱結束瀟灑離場，透出一股大將之風，一秒帶大家進入萬世巨星宇宙，啊啊啊啊好喜歡有夠炸😻
（雖然這個安排讓人十分困惑，到底誰會在自己的主場叫好朋友出來一陣狂炸猛炸嚇死觀眾的，這樣觀眾會愛上嘉賓捏😻）
真是的，如果下次繼續這樣我只好買更前面的票支持了😻
真是愉快的一個晚上！",2026-03-02 00:01:00,普通女子的尖叫樹洞,悲慘,not_enough_posts,
cathy.notesla,木子皿La,"過年期間適合賞花
花花們好美
但我最愛動物們😻",2026-02-19 00:07:00,普通女子的尖叫樹洞,悲慘,not_enough_posts,
aprilmoon86,Sylvia Tsai,"3天連假的最後1天，
北高半日遊，
下午搭高鐵北上觀賞晚上的「Bradley Jaden LIVE IN TAIPEI」，
看完就趕回高雄準備明天上班🥱
他是著名的音樂劇演員，
之前才來台演出「悲慘世界」音樂劇的音樂會，
他所詮釋的賈維爾真是非常經典，
這次是他個人的演唱會，
他的歌聲可以渾厚深沉、也可以高亢嘹亮，
所選唱的都是在他人生歷程中有重大意義的歌曲，
除了音樂劇以外也有許多老歌😆
另外還邀請他的好朋友-特別嘉賓Ben Forster一同來台，
他所演唱的Gethsemane，
是音樂劇「萬世巨星」中很經典的歌曲，
癲狂的超高音張力十足，也是贏得滿堂彩，
很喜歡他們的合唱、可惜太少😂
也很喜歡他們之間的情義相挺以及很有愛的互動，
在謝幕時，Ben還一直幫忙錄影，
真的很可愛耶🥰
雖然今天來去匆匆，
不過真的很值得😍
#國家音樂廳",2026-03-01 22:06:00,,悲慘,not_enough_posts,
c11189,Lisa Chen,"今天真ㄉ超級開心欸
還好去年有去聽悲慘世界音樂會!
Bradley真的是歌聲充滿正氣(?)的人超級喜歡
然後Ben也好棒欸，下午不小心加入等簽名的行列，Ben出來幫Bradley買咖啡，跟大家簽名拍照跟聊天，有夠nice😭
蠻喜歡兩廳院的場地的，雖然今天樂器的聲音有點蓋過人聲，但人聲的表現很精彩，因為我根本離musical kid的程度很遠，所以不出所料的聽過的曲目很少，但很喜歡Bradley一一說明選曲的原因跟各種小故事!
Ben唱Gethsemane真的有激起去看萬世巨星的慾望欸(打開錢包😌
不知道為什麼謝幕的影片會拍成那樣，不過下班路很開心，簽名合照都get，Ben跟Bredley都很好看，我也有去參加音樂會!
也有跟音樂總監Matthew說謝謝，他的簽名好好看欸",2026-03-01 22:36:00,"I dumped my weird thoughts and emotions here.
Sometimes all I think about is Droo.🤠
Sometimes is a lie, liar told you that!",悲慘,not_enough_posts,
dpploser,吳昕劉,"某人夫妻都是醫師做到退休去看豪宅被質疑錢從哪裡來
一個存款900萬卻花近一半包機結果同一群人覺得正常
我快要不懂號稱挺台灣的邏輯了",2026-03-11 15:15:00,"青鳥請帶腦來留言
忠貞民進黨支持者
但不是現在這個民進黨",退休,not_enough_posts,
wtalk.me,WTALK,"我在54歲那年辭掉了薪資不錯的公司，到了倫敦遊學去！
一開始的想法是旅遊簽證可以六個月，遊學四個月後，剩下兩個月可以到處遊玩！
事實上所謂的遊學就是語言學校，課程挺鬆散的，有很多時間都是跟同學到處鬼混！
雖然大家都是上了年紀的，但隻身在外的靈魂總是特別活躍，很是享受生活，遊遍英國東西南北！
後來我突然想要不要體驗一下在英國工作的感覺？
是的！就是想體驗！
54歲要在異鄉求職、英文也不是很流暢，根本是天方夜譚⋯⋯
但我就是想、極盡腦汁的想！
我花了一星期寫履歷（我已經20多年沒認真寫過了），在LinkedIn上瘋狂投，還真的會有公司誠懇的拒絕😅
我還記得過程中搭計程車跟司機聊天時，司機建議我可以去餐廳打工，但這不是我想要的⋯⋯⋯
我要像電影高年級實習生那樣，憑藉過往的專業，體驗倫敦人的上班環境、感受日常等
我只剩兩個月可以待在倫敦，要去office 當白領看來只能夢想！
但正常管道不行，於是我開始動腦筋在一些看似不可能的路徑！
我找到了！找到了！
一家B2B企業的數位行銷工作！
接下來我會繼續寫我這54歲後退休、不退休的經驗⋯",2025-12-14 15:40:00,"前4A廣告副總｜IPO電商行銷長
54歲辭職到倫敦遊學四個月後
幸運找到遠端數位的工作
目前持續工作中",退休,not_enough_posts,
sh7__3,今.,"恭喜我爸爸辛苦37年終於退休了
退休後可以認真照顧我哩🥰
幫他訂做了一個超大蛋糕
他超開心一直炫耀🤣🤣
還叫我要記得po蛋糕的照片～
（雖然是臨時抱佛腳訂的^_^）",2026-01-25 18:58:00,我的廢文小天地,退休,not_enough_posts,
law_easy_law,賴承恩律師-法律公蝦米,"昨晚睡到一半，突然被老婆叫起來。
她眼光泛淚地拿著我的手機問我：
「這是什麼？你是不是外遇了？」
我的手機通知跳出一整排訊息：
「我好想你」
「我正在看著我們的照片，我可以去找你嗎？」
「可以不要離開我嗎？」
我超級矇，結果打開手機一看，
是一個離婚案件的當事人，有點年紀
因為不會截圖，
所以直接把她老公的騷擾訊息轉傳給我。
….
欸不是，阿姨妳可不可以用一點傳長輩圖給我的時間，去學一下怎麼截圖。
妳知道妳的離婚律師差點被妳搞到自己要打離婚官司嗎？",2025-08-21 17:55:00,"嘴砲當飯吃的律師aka愛打電動的肥宅
🎞️ 台中在地律師與平民小編的對決
🎞️ 簡單懂法律生活不吃虧
- 
民事訴訟｜刑事訴訟｜家事訴訟｜離婚糾紛｜車禍案件｜法律顧問｜任何法律諮詢
-
📬法律諮詢請私訊預約-賴律師親自上陣
📬心靈雞湯診療-漂亮小編會視情況回答",離婚,not_enough_posts,
goldcow2024,goldcow2024,我用四天的時間完成離婚、找房子和搬完家了！,2025-11-06 16:00:00,,離婚,not_enough_posts,
pinpin0331,pinpin0331,"我離婚了 我離婚了 我離婚了。
太開心了。
不用再去婆家過年。
有自己的房子。
小孩我是主要照顧者。 太開心了。
謝謝神明保佑🙏 天主保佑 🙏
（今天調節前 有認真祈禱🙏） 
感謝親朋好友的幫忙
真的好開心",2026-01-23 12:15:00,,離婚,not_enough_posts,
pinpin0331,pinpin0331,想請問，單親媽媽，住台北。想使用大眾運輸工具出遊（不會開車） 小孩小一。 有建議去那裡嗎？ 想要兩天一夜之類的。,2026-01-12 19:31:00,,離婚,not_enough_posts,
clay_ijb,clay_ijb,"34歲，我離婚了
結束了8年的感情（3.5年的婚姻）
一直以來在婚姻裡內耗到不行
我終於受不了了、也終於解脫了
我們兩個都是很好的人
但追求的東西不一樣
他要的是事業，而我只想要安穩快樂的生活
雖然有事業心是好事
但他對金錢的追求，已經嚴重影響到我們之間⋯
我知道他還愛著我，但我們的頻率永遠對不到一起
我們算是理性和平分開
也還能一起坐下來吃飯
簽完字的那天，我們一起丟掉之前辦婚禮的東西
他崩潰的說：「我現在真的想和妳過安穩的日子，是我搞砸了，是我把妳搞丟了⋯⋯」
那時候聽到雖然很難受
但一切都太晚了
我真的已經愛不動了
不知道是不是內耗太久
簽完字後到現在，我居然都沒有大哭過
最近反而覺得心裡變輕鬆
好像漸漸卸下了心頭的重擔
我再也不用為誰著想
不用再像以前 執著於一段關係
也不會再莫名其妙被影響情緒
不用再擔心誰
我只需要把自己顧好
問自己想什麼？要什麼？然後就去做
似乎可以慢慢開始，真正為自己而活了：）",2026-01-15 02:55:00,,離婚,not_enough_posts,
clay_ijb,clay_ijb,"一段婚姻，已經磨合了3年
這中間經歷過爭吵、內耗、分居、婚姻諮商
新的一年又開始了
我該放手了嗎",2026-01-08 06:53:00,,離婚,not_enough_posts,
tz016858,就是個大叔,"朋友問：究竟要嫁給一個什麼樣的人才幸福？
我說：
要嫁給一個可以跟妳好好離婚的人",2026-01-20 01:19:00,就是想發點廢文的大叔,離婚,not_enough_posts,
tz016858,就是個大叔,"真正需要看心理醫生的人 一般都不會去看醫生
因為…
會去看的人都是他們的受害者",2026-01-13 21:25:00,就是想發點廢文的大叔,離婚,not_enough_posts,
