username,display_name,post_content,post_date,bio,gemini_account_type_result,human_account_type_result
yechuanlin,野川磷,"每天睡覺起來看到都很快樂ㄉ我☺️
上次盯著看太久我妹經過
妹：……你在幹嘛……😧
我：我在欣賞他們的美貌🥹",2025/12/5 17:07,這邊不定時亂發，基本上都在噗浪活動,pass,
yechuanlin,野川磷,"跟夜良
@greenrivernight
@greenrivernight
一起出國前發瘋，有朋友一起畫圖好好嘿嘿嘿……😍帶著到處拍，還做了證件照剛好可以放到片片的壓克力裡w主打一個印好印滿🤩
illust
💚：野川
🧡：夜良
@greenrivernight
@greenrivernight",2025/12/5 16:29,這邊不定時亂發，基本上都在噗浪活動,pass,
yechuanlin,野川磷,"之前跟夜良在東京巨蛋迷路老半天
找不到jump shop 門口🤪
那時去天氣超好的啊！！！
這兩個寶寶也是有去看過咖醬銅像的啦🥰",2025/12/5 08:37,這邊不定時亂發，基本上都在噗浪活動,pass,
yechuanlin,野川磷,"剛剛突然發現……我在、再不分🥹
老師對不起，我先扣10分+訂正",2025/12/4 17:03,這邊不定時亂發，基本上都在噗浪活動,pass,
zeng.nj,B͓̽,剛發現一些新歌 好喜歡這段🥵🥵❤️,2025/12/5 23:53,捨不得揍我自己,not_enough_posts,
jennifer__yx,𝗝𝗲𝗻𝗻𝗶𝗳𝗲𝗿,趙雨凡！靠你了！快帶弟弟們去爆吃！🤤,2025/12/5 18:42,,pass,
jennifer__yx,𝗝𝗲𝗻𝗻𝗶𝗳𝗲𝗿,"趙雨凡回家了！！！！🥹
Janana 也回家了！",2025/12/5 16:41,,pass,
jennifer__yx,𝗝𝗲𝗻𝗻𝗶𝗳𝗲𝗿,"天啊‼️小雨凡真的好可愛🥰
那個小奶音🫠",2025/12/2 10:25,,pass,
ki_0210,ʜᴇʟᴇɴ🌷,義享天地對面的711直接爆炸多人💥,2025/12/5 22:49,👾,not_enough_posts,
ki_0210,ʜᴇʟᴇɴ🌷,"十年了 子瑜終於回來開演唱會了 好感動😭😭
愛死妳們🫶🏻🫶🏻🫶🏻✨ #twice",2025/11/23 17:55,👾,not_enough_posts,
_kpop._.info_,Kpop資訊站,【翻譯】「歷代級的欺騙粉絲」「這個真的是踩到底線了哎...」,2025/12/5 20:08,隨便更(⁎⁍̴̛ᴗ⁍̴̛⁎),non_life,
_kpop._.info_,Kpop資訊站,【翻譯】田柾國Winter風評急轉直下，昨天還是祝福，今天紛紛指責背刺粉絲,2025/12/5 19:37,隨便更(⁎⁍̴̛ᴗ⁍̴̛⁎),non_life,
_kpop._.info_,Kpop資訊站,【翻譯】SM&HYBE：「無可奉告」,2025/12/5 19:13,隨便更(⁎⁍̴̛ᴗ⁍̴̛⁎),non_life,
x_zy.c__,x_zy.c__,"很少買模型
但每次看到這個都會覺得自己買的真好
૮꒰˶ฅ́˘ฅ̀˶꒱ა",2025/12/5 09:46,INTJ.,pass,
x_zy.c__,x_zy.c__,撿到一根胖逼的鬍鬚 ‧⁺ ⊹˚.,2025/12/4 23:12,INTJ.,pass,
x_zy.c__,x_zy.c__,胖逼有時候屁股沾到💩也會這樣磨地板⋯,2025/12/3 11:32,INTJ.,pass,
x_zy.c__,x_zy.c__,"無印良品的信徒
感覺花了好多錢在收納盒上",2025/12/3 10:25,INTJ.,pass,
gabrielnqu,Izard Parrow,這週廣播是KAJI來賓，我是很想吐槽大輝你整個頭都靠上去了啦😂😂😂😂😂,2025/12/5 17:04,堀越先生の書く本誌以外公式だろうがアニメも全て二次創作というmindです。,not_enough_posts,
gabrielnqu,Izard Parrow,太多了😂,2025/12/5 12:04,堀越先生の書く本誌以外公式だろうがアニメも全て二次創作というmindです。,not_enough_posts,
jia__0307,毓珈,"吃飽飯來7-11閒晃一下結果遇到ADP⋯⋯😻
Tarzzen 跟 Bailey超級親民還買飲料跟餅乾請大家⋯⋯我愛高雄⋯高雄的空氣非常香😻",2025/12/5 23:31,醫院賣肝,pass,
jia__0307,毓珈,今天的脆打開全部都是機場路、義享天地、六合夜市,2025/12/5 20:52,醫院賣肝,pass,
jia__0307,毓珈,"2025的大轉變 
從聽團人轉型（？）微微韓團人
終點⋯這麼快⋯就到了嗎⋯⋯",2025/12/3 22:42,醫院賣肝,pass,
evonny.sequeira8,@Evonnysequeira8,🥹,2025/12/6 02:41,I never leave a person or a place the same way I found it💫,pass,
evonny.sequeira8,@Evonnysequeira8,Grrrrr please,2025/12/6 02:37,I never leave a person or a place the same way I found it💫,pass,
evonny.sequeira8,@Evonnysequeira8,Totally,2025/12/6 02:37,I never leave a person or a place the same way I found it💫,pass,
imnotbetty.11,imnotbetty.11,明年可以等到一個台北101版本的嗎,2025/12/5 20:10,.,not_enough_posts,
somberlull,somberlull,"真的真的很久沒追星有追可能是國小追Spexial 了
現在在我21歲的時候出現cortis 
趙雨凡真的好帥呀
希望在我生病發作的期間能夠支撐我～
明天開開心心看直播",2025/12/5 22:05,記錄下來我存在的每一個情緒,pass,
somberlull,somberlull,"推一個在Netflix 快下架的愛情片
看完後去查了一下評論發現原來拍攝當時有爭議
自己覺得是蠻不錯的一部片，會想要去認真找小說看",2025/12/5 01:59,記錄下來我存在的每一個情緒,pass,
somberlull,somberlull,小寶寶們，我的精神支柱們,2025/11/27 23:41,記錄下來我存在的每一個情緒,pass,
somberlull,somberlull,"兩個禮拜的打工，我辭職了
這是我憂鬱症兩年來維持最久的一次工作
我覺得我狀態好的時候投履歷面試，但當要開始工作我又會抗拒
這次的電訪工作是我下定決心去上班堅持最久的，途中有很崩潰的覺得要不要放棄，但我會打給表妹訴苦，是她給我勇氣讓我跨出門去上班
想給自己一句話
我覺得這兩個禮拜的我，辛苦了",2025/11/24 17:24,記錄下來我存在的每一個情緒,pass,
1213birdy_,영준,"開心到忘記怎麼講話、、
可惜不能簽名💔",2025/12/6 02:25,,not_enough_posts,
