username,display_name,bio,post_date
_1yutrek,_1yutrek,所有人都在叫我要貼心要溫柔要懂事要成熟,2025/11/30 10:01
_xuxu.x,_xuxu.x,等我等到那個人了 我就刪帳號,2025/11/30 01:30
fromadream.tohere,晚安,滋滋滋,2025/11/29 20:02
ifr091431,黑尋,"|女|雙性戀|已有喜歡的人|光遇好玩|
在這黑暗的世界裡，尋找著屬於自己的光。
（是個不知道自己有沒有抑鬱症的阿宅）",2025/11/29 19:29
lansi_____,Lánsi 嵐熙,高敏人,2025/11/29 21:50
rejifhh_,rejifhh_,,2025/11/30 13:41
7.17_cy,7.17_cy,,2025/11/28 21:33
dunobhujs,開心在改名^,哪有什麼避風港 心情不好的時候都是一個人。,2025/11/19 13:18
sunshine_10697,Ying,"心境紀錄
焦慮恐慌症🌊
藍色大海
諮商心得筆記📝",2025/11/23 00:53
wizzy.e,𝐖𝐢𝐳𝐳𝐲,"XII.
Mercedes-AMG PETRONAS F1 Team",2025/11/26 02:05
charlotte_010217,ㄈ,,2025/11/28 16:20
cjy.80,邱君儀,我是牡羊媽媽 有一個可愛的天秤男寶❤️,2025/12/1 09:50
lianwen_705,yu✿⁠.,一個怪人的發瘋天地,2025/12/1 02:54
zzz_12425,菱,"恐慌與憂鬱日記📝
記錄小小進步也接住偶爾的低落",2025/11/30 18:58
how13765,123,人性本賤,2025/11/28 12:18
m.y.minnn,Melissa,,2025/11/27 10:44
outofthe.194,outofthe.194,怕打擾到別人所以開的碎碎念空間,2025/11/24 00:27
trea.shi,trea.shi,17歲 女 憂鬱症 恐慌症 社交焦慮症,2025/11/23 21:19
wisdomforlive,胡小一,"ig wisdomforlive
162 不瘦 #高功能自閉 #憂鬱躁鬱 #罕見疾病食道遲緩不能長期吃藥患者 目前只會自拍跟場次
我人生不正向
我不能決定我的出生，但我保證能決定我的死亡",2025/11/29 22:58
i8lenn,i8lenn,,2025/11/20 21:56
xyun_0222,✮,"想要自殺.
這裡是我唯一可以抒發情緒的地方
需要安慰的一個人🧏‍♀️",2025/11/24 23:44
yunseoyeon8455,江栩然,"就是一個小帳
現在沒時間給我抱怨 先過好我自己吧
謝謝大家的鼓勵 希望你們順心
---------------------------------------------------
每日隨手紀錄一下逃家生存紀錄
或許出生家庭不圓滿 但我想靠自己把人生過的幸福",2025/11/20 19:55
memorandum_1145141919810,🌞🌛🔥👂⚡️,松青叫🆚🕸️🔥,2025/12/2 19:49
stil.lhereti1oneday,風經過的地方,"是在努力的高三學測生生
正在努力的過好每一天",2025/12/1 11:17
c.s_.10,c.s_.10,,2025/11/2 22:00
hakunamatata_kee,hakunamatata_kee,"認識請裝不認識
外貌協會
思想極端
社交邊緣人
看誰都不順眼",2025/9/7 22:42
olm__sate,Olm__sate,,2025/10/19 00:01
ping0130,江祖平,❤️🐕🐈🏂🎤❤️,2025/9/7 15:59
queengirlisme,queengirlisme,"那些說不出口的話
我會寫在這裡",2025/12/5 09:17
aorrieeol,aorrieeol,,2025/9/23 13:10
hope4peace0415,願心承平,這裡紀錄我的「痊癒之路」,2025/9/29 06:49
kar1kaze303,紀影,月が綺麗ですね,2025/10/13 06:54
kokiz27_,koki,不如我們從頭來過,2025/10/26 02:36
real_onna__,Another Me,"發發照片發發瘋
追星也會跟我家愛豆一樣瘋💎
憂鬱症的Emo人（在emo跟追星之間情緒起伏有夠大
每天都在想自己能活到什麼時候⋯誰能給我解答",2025/10/3 02:14
takoxo,takoxo,在康復之路上日行一善。,2025/9/10 22:21
tsukareda_,tsukareda_,"有人會看見我嗎
幫幫我好嗎",2025/8/10 01:01
etching.liao,Etching Liao,沒什麼特別的,2025/11/6 19:00
solunfake,呢度冇你嘅事,"你唔鍾意其實可以唔睇 唔好report我
這裏是我唯一可以喘息的地方
認得我嘅話 對唔住 我對所有人都付出真心
只係我希望在結識你們時 把自己包裝得好一點",2025/8/31 13:20
where.column,我手寫我口》劇評心得 | 生活雜感 | 身心療癒經驗分享,"劇評心得。生活雜感。
旅遊紀錄。隨便分享。
本業@fukuro0714🐶柴媽
南部OL不正經負能量 feat. 身心科經驗者共感",2025/10/21 23:38
hollowbutbreathing,在學著療癒童年的大女孩,"這是一個負面的回憶錄，只討論活下來的勇氣
有些話題無法再日常抒發，但想找個出口，讓傷口長出些柔軟的東西，比如理解
希望有一天，當我把記憶都說完，能迎來自由之路",2025/11/11 15:22
lar_592029,本instagram用戶不想存在,"ctas室設一甲
•·INFP-T
••雙子座
•••15y   6/18",2025/12/6 05:38
o._v_.o10,o._v_.o10,,2025/10/29 01:41
mental._.illness1124,小Y討厭碳酸鋰,"努力的活著｜精神疾患｜生活碎碎念
希望有天能與F和睦相處😮‍💨
小魚小魚快快游，四面八方皆是自由
立志要考上『社會工作學系』學測生👀
把脆當限動在發 會很吵🤣
有問題可以到下方連結留言給我",2025/9/10 02:20
sinitai12313,死前日記,"F332重鬱症 F341  F648 CPTSD
大學生20歲，創此帳號是希望能成為一個自己活過的證明。
一個抒發的管道。
【想成為照亮黑暗的太陽。
回過頭來，卻發現自己已是風中殘燭。】",2025/12/21 23:51
medolondo,抖抖抖,只會笑死的老人,2025/10/10 01:14
yagege_ge,雅,✝️人心籌算自己的道路，唯耶和華指引他的腳步,2025/12/24 20:30
zoe_rou1,柔伊 Zoe,我的哀愁還下著雨,2025/3/5 22:31
unknown._.passerby,unknown._.passerby,"這是一個路人的樹洞
因為脆是一個溫暖的地方
「不是我講的話，但我很喜歡，所以分享給大家。」",2025/12/24 00:44
p_.lucky._q,今天早餐吃蛋餅（三日）,"🤫
我還活著
希望你也不要放棄",2025-10-29 23:49:00
cucufu434,cucufu434,,2025-09-07 00:51:00
feeling_sunyata,Feeling_Sunyata,"試管+免疫媽媽畢業，育兒中
處女女蛇寶👶",2025-04-25 20:21:00
purify_77ww,Pur7ify,專業睡大覺選手,2025-12-25 05:14:00
seuuulin_0213_,seulin,奇怪daily之我知我好煩,2025-11-11 13:14:00
ynuuio.0,ynuuio.0,"小小樹洞 希望不要被認識的人發現
發現了 也請不要追蹤 請裝作不認識吧",2025-12-09 17:13:00
yyu_rr07,yyu_rr07,,2025-05-31 22:28:00
_yunnn.19,小忆忆忆忆♡⸝⸝,"我不會像你一樣毫無邊界感啊😔
有夠噁心的",2025-12-29 18:12:00
all.error,🌹,"負能量星球🪐
秘密基地 feat.患病記錄
Depression ⏭️ Bipolar
*有需要請自行DM*",2025-01-17 21:33:00
boredom.love_,boredom.love_,:(,2025-11-12 20:13:00
