y_true,y_pred,probability,fold
0,0,0.032404083758592606,5
0,0,0.032469525933265686,5
0,0,0.03250225633382797,5
1,0,0.03267926722764969,5
1,1,0.9733633399009705,5
0,0,0.032589539885520935,5
1,1,0.973461389541626,5
0,0,0.03240343928337097,5
0,0,0.03287376090884209,5
0,0,0.032743994146585464,5
0,0,0.032711904495954514,5
0,0,0.03228962793946266,5
1,1,0.9733803272247314,5
1,1,0.9735967516899109,5
0,0,0.032597001641988754,5
0,0,0.03254177048802376,5
0,0,0.03226814046502113,5
1,1,0.9734999537467957,5
0,0,0.03271269425749779,5
1,1,0.973487377166748,5
0,0,0.03218456357717514,5
1,0,0.032337140291929245,5
1,1,0.973442792892456,5
0,0,0.0323999859392643,5
1,1,0.9734722375869751,5
0,0,0.03241131827235222,5
0,0,0.03235648199915886,5
0,0,0.03231991082429886,5
1,0,0.03267021104693413,5
0,0,0.032447438687086105,5
0,0,0.03241432458162308,5
1,0,0.03262508288025856,5
0,0,0.032363999634981155,5
0,0,0.03240445628762245,5
0,0,0.03239777311682701,5
0,0,0.032773420214653015,5
1,1,0.9736180305480957,5
0,0,0.032705821096897125,5
0,0,0.03442182391881943,5
0,0,0.03255224972963333,5
0,0,0.03273232281208038,5
0,0,0.03252754732966423,5
0,0,0.03234952688217163,5
0,0,0.03256657347083092,5
1,0,0.03270751237869263,5
0,0,0.03262179717421532,5
1,1,0.9734885096549988,5
0,0,0.03279704600572586,5
1,1,0.9735201597213745,5
0,0,0.03278037905693054,5
1,1,0.9733999371528625,5
1,1,0.9735263586044312,5
0,0,0.03268516808748245,5
1,1,0.9736270308494568,5
0,0,0.03262908011674881,5
0,0,0.03234221413731575,5
0,0,0.03234098106622696,5
1,1,0.9734541773796082,5
1,1,0.9736143946647644,5
0,0,0.03241555020213127,5
1,0,0.03221059590578079,5
0,0,0.03224865719676018,5
0,0,0.032405272126197815,5
0,0,0.032465510070323944,5
0,0,0.0324031263589859,5
0,0,0.03272454813122749,5
0,0,0.03230072185397148,5
0,0,0.03239428997039795,5
0,0,0.03252113237977028,5
0,0,0.032608047127723694,5
0,0,0.03226753696799278,5
0,0,0.03215862438082695,5
1,1,0.9734853506088257,5
0,0,0.03244436904788017,5
0,0,0.032573528587818146,5
1,1,0.9734044671058655,5
0,0,0.032697588205337524,5
1,1,0.9734237790107727,5
1,1,0.9734894037246704,5
1,1,0.9735779762268066,5
1,1,0.9733524918556213,5
1,1,0.9734377861022949,5
1,0,0.03267132490873337,5
1,1,0.9734869599342346,5
1,1,0.9735104441642761,5
0,0,0.03283132240176201,5
0,1,0.9734774231910706,5
0,0,0.03245275840163231,5
0,0,0.03234216943383217,5
0,0,0.032261159271001816,5
1,1,0.9735311269760132,5
1,1,0.9734329581260681,5
0,0,0.032433997839689255,5
0,0,0.032588399946689606,5
1,1,0.9734242558479309,5
1,1,0.9733399748802185,5
0,0,0.032772261649370193,5
0,0,0.03242127224802971,5
0,0,0.03239549323916435,5
1,1,0.9734634160995483,5
0,0,0.03232425078749657,5
0,0,0.032665885984897614,5
0,0,0.03262225538492203,5
0,0,0.03224094957113266,5
0,0,0.032401833683252335,5
1,1,0.9733713865280151,5
0,0,0.032667212188243866,5
0,0,0.032208677381277084,5
0,0,0.032608602195978165,5
0,0,0.03214312344789505,5
0,0,0.032767102122306824,5
1,1,0.9733995199203491,5
0,0,0.03230145573616028,5
0,0,0.03260406106710434,5
0,0,0.032775845378637314,5
0,0,0.03249526396393776,5
0,0,0.032747942954301834,5
0,0,0.03240559995174408,5
