username,display_name,post_content,post_date,bio,matched_keyword
mai.airy,閻琋,"憂鬱症自殺死掉的人不是自殺，
他們是病死的。",2025-10-10 05:59,"「𝑌𝑜𝑢’𝑟𝑒 𝑚𝑦 𝑑𝑒𝑠𝑡𝑖𝑛𝑦…」
𝑀𝑦 𝑑𝑒𝑎𝑟𝑒𝑠𝑡,𝐼’𝑙𝑙 𝑙𝑜𝑣𝑒 𝑦𝑜𝑢 𝑓𝑜𝑟𝑒𝑣𝑒𝑟.
𝑇ℎ𝑜𝑢𝑔ℎ 𝑝𝑎𝑠𝑠 𝑙𝑖𝑣𝑒𝑠,𝑝𝑟𝑒𝑠𝑒𝑛𝑡 𝑚𝑜𝑚𝑒𝑛𝑡𝑠,𝑝𝑎𝑟𝑎𝑙𝑙𝑒𝑙 𝑢𝑛𝑖𝑣𝑒𝑟𝑠𝑒 𝑎𝑛𝑑 𝑡ℎ𝑒 𝑓𝑢𝑡𝑢𝑟𝑒.
𝑌𝑜𝑢’𝑟𝑒 𝑎𝑙𝑙 𝑚𝑦 𝑑𝑒𝑠𝑖𝑟𝑒.",抑鬱症
healspirithk,Heal Spirit,"今日同一個曾經患中度抑鬱症嘅康復者傾偈，佢分享咗一個click中我個腦嘅point想同大家分享。我諗9成嘅人，包括我自己，都有個誤解就係以為開導抑鬱症病人係要同佢傾下點解會發生呢個病、幫佢諗解決辦法、叫佢唔好諗咁多⋯其實所有嘅討論都只會加重佢哋嘅唔開心，個腦更加不斷loop啲負面嘢，越傾越emo。
最好嘅做法竟然係同佢哋講無聊嘢！佢哋全日個腦已經跌咗落個漩渦，反而同佢哋傾生活一啲無關痛癢嘅事，講下啲八卦可以分散到佢哋嘅注意力，唔再時時刻刻focus唔開心嘅情緒。￼
我再反思其實有時我以為開導咗有情緒病嘅人，其實反而係「幫倒忙」。除非佢哋去到有生命危險嘅情況，否則佢哋經歷緊up and down時，陪伴喺佢哋身邊，得閒無聊搞下gag，令佢哋知道你一直喺旁邊，已經係最大嘅動力。",2024-06-05 00:28,"To heal the soul, embrace self-care🧘‍♀️ #每日一heal 
分享有關 #身心靈、#情緒、#精神健康、#能量、#命理 
香港🇭🇰生活資訊網上平台💬
希望都市人能夠以積極的態度正視心靈健康🙏🏻
傳媒聯絡/廣告/投稿👉🏻📧healspirithk@gmail.com",抑鬱症
quq_.0911,quq_.0911,我剛剛用驗孕棒測出來我有重度憂鬱症，你們都別逼我了行不行。,2026-02-27 06:04,,重度憂鬱症
saor1sa,江治儀,"補一個自介
國二
F33.1/F41.1
中度鬱症 復發/廣泛性焦慮症
想找病友聊聊天
加哀居的話跟我說一下我才會回追",2025-12-15 22:34,國二｜ISTJ,中度憂鬱症
2.cynnua,2.cynnua,"人們常對抑鬱症患者說“
調整過來就好了
”常對焦慮症患者說“
不要想太多
”常對厭食症患者說“
你要好好吃飯
”，可這些就相當於對一個半身癱瘓的人說“
你要站起來啊
”",2026-01-12 20:26,"是不是我再漂亮一點脾氣再好一點大家就都會喜歡我 
好喜歡碎碎念 但每天都焦慮的要死 說好要天天開心也沒有
喜歡的話就追蹤 想到就會發一堆 不喜歡可以滑走 不用在留言區刷存感 單純發給自己看",焦慮症
harryp00000,可愛小狗,"我真的是會笑死，不要再精神分裂了，一邊說著少子化很嚴重，一邊又因為自己在高鐵還是飛機上因為嬰兒的哭啼聲而抱怨。
一邊擔心台灣未來的經濟與社會環境，一邊又理所當然的坐著博愛座讓孕婦與幼兒站著。
一邊害怕自己老了時，沒有看護、醫護、警消資源的人力照護，一邊又在該現在生小孩福利好多喔！
台灣社會就是精神分裂，一群既要又要的一堆巨嬰，產假56天，亞洲國家裡最低，超可悲。
認為自己跟少子化一點關係都沒有的麻煩不用留言了，我基本上當這種人是智障，光是稅收完全撐不住現在政府體系的花費就與你息息相關了，更何況維持一個社會的運作需要的本就是人。
韓國最大的社會共識就是孩子是國家的未來，所以人家拼盡全力去撐住，孕婦專用座位、育兒社宅、產假、育嬰假、有幼兒可提早一小時下班。
台灣慣老闆，準備等著完全無人力可用吧，既要又要，一輩子的巨嬰。",2026-03-11 08:29,"上班寫程式
Thread 上偶爾寫點東西 不務正業",精神分裂
harryp00000,可愛小狗,"洪申翰，你確定你提出的政策有辦法幫助到勞工嗎？
下面的留言只回稱讚的，到底是什麼臭俗辣！",2026-03-06 07:57,"上班寫程式
Thread 上偶爾寫點東西 不務正業",精神分裂
harryp00000,可愛小狗,現在看到在稱讚馬英九時代的，我都祝他回到馬英九時代，懂的人就懂，這的確是最惡毒的祝福。,2026-02-25 14:15,"上班寫程式
Thread 上偶爾寫點東西 不務正業",精神分裂
layla.318__,萊伊,"什麼意思不可能還有沒發表的headliner吧😭😭
這個Summer Sonic25週年還是太豪華了
沒買到白金票真的好遺憾🥹
但想想這個陣容只花了我59000日幣就可以看到
又覺得也太賺了吧（精神分裂）",2026-03-13 11:39,"旅日聽團仔的一些murmur.
NMIXX/Xdinary Heroes/NEXZ
藤井風/椎名林檎/東京事變",精神分裂
layla.318__,萊伊,"我的HAENGMANI搭了幾個月的飛機終於到了🥺
真的好可愛喔發瘋🥹🥹🥹
JUFF你們不能欺負人家知道嗎😊
（雖然感覺是HAENGMANI會捉弄他們）",2026-03-10 14:11,"旅日聽團仔的一些murmur.
NMIXX/Xdinary Heroes/NEXZ
藤井風/椎名林檎/東京事變",精神分裂
noah20251225,noah20251225,"產後憂鬱的人
應該有百分之九十
不是因為孩子而憂鬱
而是孩子以外的人…",2026-02-16 18:25,,產後憂鬱
nanaliangbadgal,𝓝. 梁云菲,"躁期結束後經過大約一週多的平穩期，
今天感受到強烈無力感，
明顯對原本熱愛的事物興趣下降，
所有動能下降也降低外出能力。
感覺要進鬱期了。
很抗拒，但做不了些甚麼，
也有固定服藥尋求醫療幫助。
雙極性障礙真的好麻煩，
遊走在兩個極端的輪迴，
現在才覺得平穩期真的好珍貴。
躁鬱症的大家，
都辛苦了。",2026-03-13 20:53,💞👾🦄🍬,躁鬱症
nanaliangbadgal,𝓝. 梁云菲,"最近心態上好累，真的需要獨自充電了 🪫
或許這就是生活，
只要不是完全的自由，
只要有被綁架的事物，
都不是真正的自由。",2026-03-13 07:46,💞👾🦄🍬,躁鬱症
solofater1717,solofater1717,"自律神經失調今年剛好滿3年了
所以從1月開始就決定一定要先努力調養好
目前都會持續散步.運動.有太陽就出去曬
也都保持只喝水不喝茶類飲料和咖啡類的
睡眠也盡量調整早點睡然後每天至少睡滿8小時
但是目前偶爾還是會有很多不穩定的情況
一直昏.一直疲累想睡.沒精神.眼睛酸澀.沒力
也沒有說到很嚴重心悸.胸痛.呼吸困難.恐慌爆發
但就是整個人感覺很折磨很不舒服🥲
我也就只能一直撐一直忍耐🥹
去閉眼一下躺休息一下都會稍微好轉一點
而且還有最近天氣溫度一降一升更特別容易影響我整體的狀態🫠
我現在是真的很想知道這症狀在調養的時候也都是這麼折磨嗎?我總以為會是一天比一天好
我想知道我目前這樣努力調養是會好起來的嗎🥹
在這裡請教各位大大🥺🙏🏻",2026-02-03 19:49,"一個剛出社會的人(?
這裡就是抱怨自己工作的地方",自律神經失調
solofater1717,solofater1717,"怎感覺104.1111.小雞都一樣一堆幽靈職缺
很多看起來都不太缺的🫠
我甚至還親自打電話去問了蠻多的
很多回覆都是說之後看過履歷會再回覆
結果後面根本也是連看都沒看啊
不然就是直接說沒缺會馬上關掉的
還要我打過去才會肯關是怎樣
真的好難找一個合適工作只能一直持續待業了😮‍💨",2026-01-22 18:04,"一個剛出社會的人(?
這裡就是抱怨自己工作的地方",自律神經失調
_anika_1023,Anika ♡,"通常會傷害你的人，都是你最親近的人。
最近開始出現胸悶、心臟痛、落髮（鬼剃頭）
排除了心臟的原因
做了一些檢查
結果是自律神經失調
醫生說是我長期壓力大、疲勞、容易焦慮緊張
開了兩個禮拜的藥讓我先吃看看
婆家很關心我的狀況
叫我不要壓力太大、放輕鬆⋯
但娘家聽到我的狀況
媽媽只說了一句：婚姻美滿，老公認真賺錢，你也不用出去工作，是有什麼好壓力大跟焦慮？
我很想說
這些壓力來源都是源自於我的原生家庭呀～",2026-01-27 15:42,育有兩女的二寶媽♡,自律神經失調
_anika_1023,Anika ♡,"萬事求問脆～
有人可以推薦台中或彰化
專門看兒童斜視的醫師嗎？
（目前在彰基定期回診，戴眼鏡+點散瞳）
因為是隱形斜視
不戴眼鏡斜視很明顯，戴了就改善很多
但最近連戴眼鏡也開始斜視非常明顯
上次回診有跟醫師提到這點
醫師也沒特別說什麼只說再觀察
但準備讀國小的女兒卻跟我說：
媽媽為什麼我的眼睛沒有比較好
反而鬥雞眼更嚴重了⋯
跪求脆友推薦醫師！
想去給其他醫師看看可以怎麼調整治療方向
讓女兒可以有自信一點！🥺🥺🥺",2026-01-20 00:29,育有兩女的二寶媽♡,自律神經失調
mentholyang,Hallelujah  Yang 楊天祐,"親愛的耶穌
請醫治好我思覺失調症的正負性症狀",2026-01-08 10:25,快樂的姐姐,思覺失調
deadramen,廖偉宏,失眠怎辦…..翻整晚到現在沒睡意，救救我😩,2026-03-16 07:40,,失眠
deadramen,廖偉宏,"目前最快胡牌紀錄（還沒天胡過）
莊家中洞自摸咪吉、輸的一把倒贏😍",2026-03-14 08:16,,失眠
deadramen,廖偉宏,炫耀文，耶～我也有資格搶先買🤤🤤,2026-03-13 17:29,,失眠
deadramen,廖偉宏,"漢堡王華堡日吃一下，一個套餐+雞薯條$170
價格便宜還比大麥克大🤤（昨天晚上才吃大麥克）",2026-03-13 17:18,,失眠
kaopeigia,kaopeigia,現在是西元2026年4月16日1點23分，我確定我躺在床上失眠了,2026-03-16 01:24,,失眠
tsaoivyyy,曹,求治療失眠的辦法 再這樣下去我會發瘋,2026-03-14 09:47,曹莓製品,失眠
tsaoivyyy,曹,世界上有沒有黑色的狐狸,2026-03-03 23:10,曹莓製品,失眠
daydreamdiary2023,daydreamdiary2023,"一整個失眠
救命",2026-03-16 05:22,心碎小狗的覺醒日記,失眠
daydreamdiary2023,daydreamdiary2023,"感覺快瘋掉了
雖然盡量保持得很平靜
整個人都不對勁了
救命
不能暈 能暈 不能暈
不知道
還是很害怕",2026-03-16 03:09,心碎小狗的覺醒日記,失眠
daydreamdiary2023,daydreamdiary2023,"遇到一個人
最近因為有他而很開心
孤獨感也減少了一些
暫時沉溺在這份開心裡
沒關係的吧？",2026-03-14 11:37,心碎小狗的覺醒日記,失眠
daydreamdiary2023,daydreamdiary2023,"拜拜的時候 說著
請保佑我平安 健康 快樂
最近越來越快樂了
好開心",2026-03-12 08:56,心碎小狗的覺醒日記,失眠
sam729.ig,Sam,"早上要去遞辭呈
我竟然一夜失眠
到現在還躺著沒睡著😵‍💫",2026-03-16 05:20,"INFJ 與INTJ轉換
源自仙女星系
崇尚愛與靈魂意識自由
心流顯化、中脈冥想、冥想引導靈氣、地水火風空療法、音光療法、IET天使靈氣、金錢靈氣、八字論命、星座命盤",失眠
sam729.ig,Sam,剛剛才躺下去都瞇下去了，突然驚醒看到自己車子周圍不太對的畫面，才想到我車子白天臨時停在土地公廟旁的公園，本來想說懶懶的，但又想說有點不安，只好勉強換完衣服後，準備出門移車到家旁停車格，結果ㄧ走過去，我後面的車都開走了，被圍三角錐看來是準備要施工，還好有出門看🫠,2026-03-15 01:29,"INFJ 與INTJ轉換
源自仙女星系
崇尚愛與靈魂意識自由
心流顯化、中脈冥想、冥想引導靈氣、地水火風空療法、音光療法、IET天使靈氣、金錢靈氣、八字論命、星座命盤",失眠
sam729.ig,Sam,不懂就問脆😅，第二隻手機合約到期，竹北或內壢，純粹攜碼中華或是台哥大低費率吃到飽（不換手機），建議哪家辦比較好呢？,2026-03-14 11:56,"INFJ 與INTJ轉換
源自仙女星系
崇尚愛與靈魂意識自由
心流顯化、中脈冥想、冥想引導靈氣、地水火風空療法、音光療法、IET天使靈氣、金錢靈氣、八字論命、星座命盤",失眠
murmurhct,躍動海底雞,只要星期日→一都會失眠都會是不是表示該離職...,2026-03-16 04:33,,失眠
murmurhct,躍動海底雞,未滿三個月想預告在清明連假時離職的話，若是被強迫做到三月底，除了討非自願證明外，錢到底該怎麼算,2026-03-14 19:43,,失眠
peiii.lu,Pei,紀錄自己失戀後失眠的第10天。。。,2026-03-16 04:07,,失眠
peiii.lu,Pei,"今天才學會放手是給對方最好的祝福
終於願意面對一直不想承認的事
希望我們都可以越來越好。",2026-03-06 01:34,,失眠
dryadk62097,Jim,AI幻覺有沒有減少我不知道，但從4o、5.1被下架後，現在的GPT就像一個無趣的知識分子，沒辦法提供一些有趣的回答及創意發想了。,2026-03-13 18:30,ただダラダラと生きたい。,幻覺
mm0317mmm,蛤,"想分享一下這幾年以來恐慌症發作時的心路歷程
我沒有去看過醫生 大概從查找的資料判斷是恐慌症眼前發黑 心跳加速 感覺喘不過氣等等
剛開始不太知道要怎麼緩解 症狀大概就持續幾個小時斷斷續續的 只能先躺著或坐著休息直到感覺消失
後來發現 身體不舒服 空氣悶（尤其坐車）人多的地方更是容易有恐慌的感覺
這幾年下來 總結的方法是
1.先檢查是否是因為自己身體哪裡不適 太熱 太悶 還是胃（自身經驗跟胃不舒服也很有關係）不舒服能不能調整 例如脫外套 喝水 或是換個讓自己舒服一點的姿勢等等的
2.如果發現跟上述有關 也感覺身體有舒服一點 就可以跟自己說：看吧 不舒服的感覺是可以改變的 以此讓自己本來緊張的感覺下降
3.若上述方法都做了依然沒有效果 那就跟自己說 那就這樣吧 不然就昏倒吧 我能怎麼辦
（這個方法莫名有效 因為我發現若是剛好在外面發生時 我最害怕的 好像是會麻煩別人 會被別人看到自己現在這樣的狀態）",2026-03-10 15:28,,恐慌發作
sherry.hsuan,Sherry,"今天從台北101搭紅線捷運到台北車站
突然焦慮恐慌發作
在大安站時緊急吞了顆緊急用藥
但狀況還沒有改善 全身開始抖
尤其是雙手不自覺一直發抖
反而覺得吸不太到空氣
很努力的腹式呼吸想讓自己平靜下來
我詢問隔壁的小姐她到哪一站
她回我是士林
我開口詢問：「不好意思，我焦慮恐慌有點發作 我剛剛有吞緊急用藥，現在比較緊張 可以借我抓妳的袖子嗎？」
她馬上回我「可以沒問題」
之後她不再滑手機可能在觀察我的狀況
看到我手抖成那樣，她詢問有沒有需要幫忙什麼
我說「先這樣就可以了 真的很謝謝你」
最後這位姐姐在台北車站跟我一起下車
陪我上樓到出閘口
還不忘跟我說如果還是不舒服，記得要請其他人幫忙
真的很感謝那位小姐對我伸出援手🥹
過一段時間比較平靜之後忍不住流了眼淚
關關難過關關過
焦慮恐慌這關怎麼這麼難過
到底什麼時候才能結束😣
一年多了 每次發病完就會陷入低潮
我希望我可以越來越好
焦慮症發作",2025-01-16 18:24,"Don't be a woman that needs a man. 
Be a woman a man needs.",恐慌發作
datwo2,Chia-hung Chen,"2026/03/15，我吃抗憂鬱、焦慮、與安眠藥滿二個月了（罹病應該差不多半年。從最嚴重時連呼吸都覺得困難，躺在床上看著房門口，想說自己會不會一輩子都無法走那扇門，食慾下降到一天只能吃三個鍋貼，眼皮幾乎完全無法睜開，五官完全感受不到這個世界，對所有事物都感到害怕，焦慮的念頭在腦海裡盤旋一整天揮之不去...。
到今天已經可以去吃我最愛的火鍋吃到飽，可以每天帶狗狗去散步，可以工作上班，可以感受陽光灑在皮膚的溫度、微風吹拂在臉上的輕撫、聞到花草的芳香、感受土壤的觸感，對這世界恢復好奇心。
這期間看過八次身心科門診，四次心理諮商，這兩週開始減藥，醫師跟諮商師都說我進步神速。
如今，我對今天身邊所擁有的、陪伴的、經歷的一切，都充滿感謝。也對自己的努力充滿感謝。",2026-03-15 10:46,無夢青年，惡夢人生,抗憂鬱藥
datwo2,Chia-hung Chen,threads.com/@mk89…,2026-03-08 17:18,無夢青年，惡夢人生,抗憂鬱藥
dalx2moon,dalx2moon,請問各位病友 有比史蒂諾斯更強的安眠藥嗎,2026-03-08 14:15,,安眠藥
dalx2moon,dalx2moon,"只能一直哭一直哭 
哭到乾嘔 哭到笑出來
每天半夜重複著 最後抽根煙
再告訴自己明天不要這樣了",2026-03-07 20:19,,安眠藥
dalx2moon,dalx2moon,藥吃下去又可以暫時逃離現實了,2026-03-01 22:07,,安眠藥
meiii3166,美元,"過完年真的該面對了⋯
剛好滑到這個活動
原來3/4是世界肥胖日🥹🤣",2026-03-04 21:19,ENFP 快樂小狗🐶,肥胖
mmmmm0929,mmmmm0929,"以前厭食症的時候很瘦
維持很長一段時間
￼￼身體只願意一天￼￼吃下一顆黑糖饅頭
現在身體好了很多
能夠一天三餐，甚至想要主動吃宵夜
大腿外側皮膚卻產生了兩三條￼的細紋
我擔心的去看了皮膚科
醫生說是肥胖紋的一種
（先說我的BMI還是在標準值正中間）￼
大概是因為之前太瘦了吧
現在瘋狂的長肉肉
從過輕一路回到正常值
我雖然再也穿不下以前的衣服
卻也開始喜歡買更多漂亮的洋裝
我雖然不再纖細的令人羨慕
可是卻健康的活著呢",2026-02-28 04:13,咪的世界,肥胖
mmmmm0929,mmmmm0929,"生病之後
我常常失去片段的記憶
雖然醫生說可能是一種身體保護我的方式
讓我忘掉那些讓我痛苦的回憶
所以偶爾會失去一些記憶
但是看到陌生的短褲
想到這也是失去的記憶的一部分嗎
就覺得很好笑
買新衣服不算痛苦的回憶啦，唉唷
身體可以在更精準的一點辨別要刪除的部分嗎？",2026-02-28 04:07,咪的世界,肥胖
cher.c,雪兒Miss.Cher,這活動好酷沒想到是在宣導世界肥胖日，大家知道自己BMI是多少嗎？,2026-03-08 20:06,"小吃貨長肉肉💕
#旅遊|#美妝|#美食|#生活|#貓 🇹🇼🇬🇧🏴󠁧󠁢󠁥󠁮󠁧󠁿🇫🇷🇺🇸🇧🇪 🇯🇵🇰🇷 🇨🇳🇸🇬🇭🇰🇲🇴🇹🇭",肥胖
cher.c,雪兒Miss.Cher,"我媽都說我為什麼要包尿布
但這真的很好穿好嗎？！
.
每次那個前兩天，真的超怕不小心漏出來
我都會穿整件褲型比較安心
但白天在外換穿時都還要把褲子脫下來有夠麻煩
超日安褲這件只能說完全就是神設計，不用脫外褲就能輕鬆換
直接從大腿側黏貼穿上，換穿真的超快就搞定！
穿起來無痕透氣，也很舒服不勒不悶
怕外漏的這個真的很推！！！",2026-03-04 20:14,"小吃貨長肉肉💕
#旅遊|#美妝|#美食|#生活|#貓 🇹🇼🇬🇧🏴󠁧󠁢󠁥󠁮󠁧󠁿🇫🇷🇺🇸🇧🇪 🇯🇵🇰🇷 🇨🇳🇸🇬🇭🇰🇲🇴🇹🇭",肥胖
dietitian_jessica,營養師Jessica｜台灣,"更年期不是雌激素完全沒有，而是 黃體素掉得更快 + 脂肪會製造雌激素。
所以肥胖女性常出現 「相對雌激素過多」",2026-03-14 17:00,"👩‍💼 台灣高考營養師｜體重管理營養師｜減重診所營養師
在波士頓3年，2024/4搬回台灣。
聲明：Threads上面，我會分享營養知識的某一個部分，但不是全部喔！
如果有興趣，記得趕快去查清楚！網路上有很多完整的文章。
有任何疾病，請務必看醫生及諮詢配合的營養師，才能提供專屬於你的飲食建議。",肥胖
yoyo__0107,🅨🅞🅨🅞 小直美  🇹🇼+🇻🇳,"我真的覺得  寵物公園  的店員真的很貼心（406台中市北屯區北屯路279-2號🐱
進店不會讓你很尷尬 ，可以自在選購
店員都會提醒這次有什麼折扣優惠
基本都有打折👍
每個店員熱情用心回覆問題
非常適合去他們家買寵物用品
我今天去買胸背袋，現場還可以試背
店員超級貼心幫忙試穿，寵物超級友善的❤️推推
店員還說現場買完讓小貓在店裡適應 
超大心🫶🏻🫶🏻🫶🏻🫶🏻",2024-07-30 23:35,🫶🏻大碼服飾：yoyo__xl,肥胖
b9002024,蕭景中,"常常遇到病人問Ozempic胰妥讚/Wegovy週纖達有什麼差別，其實這兩種基本上成分完全一模一樣都是Semaglutide，胰妥讚主要最早是給糖尿病病人使用，劑量是0.5mg/1mg為主，而週纖達主要臨床試驗是做在肥胖病人，劑量從0.25/0.5/1/1.7/2.4mg逐步往上加，基本上大家把他們視為同一種藥物即可，但跟猛健樂tirzepatide是不一樣的藥物
FlOW trial 糖尿病腎病變有蛋白尿族群使用胰妥讚1mg有保護腎臟效果
SELECT trial :發生過心肌梗塞或中風的非糖尿病肥胖病人，使用2.4mg週纖達有降低20%心血管風險效果
ESSENCE trial 脂肪肝肝炎病人使用2.4mg週纖達有逆轉肝炎跟肝纖維化的效果
那個好？其實就顯示semaglutide對心肝腎保護的效果，基本上就一樣的藥物，但使用適應症不太一樣而已",2026-03-15 09:15,"腎臟科醫師
土城醫院腎臟科主任",肥胖
b9002024,蕭景中,"報章媒體的報導其實影響到蠻多需要瘦瘦針治療的病人
最近腎臟科門診常遇到糖尿病肥胖加上腎絲球過濾率不太好的病人，這些病人常合併巨量的蛋白尿
我：這些降壓藥排糖藥是保護腎臟降低蛋白尿的藥，記得要吃喔！
病人：有有有，有認真吃
我：除了這些，一定要努力減重喔，肥胖就會讓腎臟壞很快喔，飲食運動一定要努力，你有沒有要考慮瘦瘦針治療呀？
病人：不要啦，最近瘦瘦針負面新聞好多，我很擔心副作用啦..
我：你擔心副作用，但是你沒擔心過你胖死還是洗腎嗎？這些新聞有點過度渲染啦，別擔心
病人：嗯，下一次再說啦～～",2026-03-13 20:45,"腎臟科醫師
土城醫院腎臟科主任",肥胖
b9002024,蕭景中,"血脂肪冷知識
為什麼高血脂要吃藥，因為目前根據研究，心血管阻塞的風險跟低密度膽固醇的終生負擔(LDL burden)有關，假設一般人LDL的平均濃度是140，那發生心肌梗塞的年齡預估是60歲，但如果你家族性高血脂症，LDL的濃度是是210，那你可能會在140*60/210=40歲就心肌梗塞，而如果再合併其他風險因子如高血壓，糖尿病，那風險就更高了，這也是為何醫生在門診苦口婆心的勸你吃藥，絕對不是為了那健保爛到不行的藥費給付，望周知
PS:那有些LDL很高的病人問說，為什麼我十多年來不吃藥都沒有出事，我只能說有一部分是倖存者偏差，有一部分是總有一天等到你～～",2026-03-13 14:50,"腎臟科醫師
土城醫院腎臟科主任",肥胖
eemil4025,EEMILYY,"友人要打猛健樂前聽聞施打後食慾大幅下降
於是在等待藥劑到貨前把口慾滿滿的塞爆
吃胖了五公斤
好了 現在猛健樂終於來了
打完經過一個月，把自己瘦回打之前的體重
這真是我近期聽過最荒謬的故事。",2026-03-09 15:44,,體重
eemil4025,EEMILYY,"今天白痴Combo
出門忘記帶鑰匙，門關上摸口袋的瞬間心涼了一半…..
於是乎沒帶出門要交貨的東西少了一盒
變成11點前要補
下一個行程因為耽誤也停不到車
僥倖停去高中停車場
出來也是完全不意外被鎖住
終於找到管理員幫我開門
於是趕場11點送出交貨
被心薇指說是「失智小豬」",2026-02-26 23:50,,體重
eemil4025,EEMILYY,"我印象中八方雲集都是ㄧ大板鍋貼直接起鍋
為什麼人員跟我說什麼都要等
東西都是現點現做
沒事，我就單純好奇
腦子裡浮現鍋貼用玉子燒的平底盤
現點現做。",2026-02-26 18:57,,體重
j528855abc,Joan Peng,"女生量體重唯一標準
早上空腹
上完廁所
裸體
才心甘情願的接受那數字",2025-11-07 17:16,,體重
ckaih_,鄭凱鴻,"那場比賽，是我守門員生涯裡最難忘的一場。
因為一個失誤，我的名字被記住了。很多人截圖、轉發、嘲笑，甚至脆發公開我——那些片段和評論，我全都看到了。
我不想否認，那一球的確是我失誤，我太早慶祝，讓對手有機會。那一秒，我也懊悔過、自責過，更難過自己讓隊友失望。
但我也想讓大家知道，我經歷過受傷、低潮、被罵，也經歷過贏球、被擁抱、全隊衝向我那種榮耀感。
我不完美，我甚至會犯讓人記一輩子的錯，但我也在努力學會怎麼站起來。
如果那一球能定義我，那我更想讓大家看到——我願意為自己承擔，也願意從這裡重新出發。
我是屏東那個守門員。
我還在，我沒放棄。",2025-05-28 16:45,,嘲笑
ho_nai_li,Sharon_Zetti,"百貨櫃姐的生態真的好可怕🫠
昨天特地去植村秀想找自己的櫃姐買一顆眼影，因為是在日本那邊看到的，影片裡是當作打亮在使用，所以我就去問是不是打亮
剛好我的櫃姐有上班就過來跟我說那個是眼影，然後拿給我看（我的櫃姐站我對面）
結果旁邊突然多了一個氣場更強的櫃姐就要開始跟我介紹，我的櫃姐就默默飄走了😭
我就急著說「呃..！！我是找剛剛那個櫃姐😭」
結果這個氣場很強的櫃姐超級沒禮貌的恥笑一聲說「那你幹嘛不早說？」
我心想：你說不到兩句我就跟妳說了欸😭！！！
後來我的櫃姐過來，我跟她說這件事，她看起來很為難的跟我說「如果妳們不指名的話🥲我們都只能讓她們先講」
好可怕....資深的櫃姐真的好可怕🫠而且態度好差......",2026-02-21 12:57,"Once you make a decision,the universe conspires to make it,happen.
/
自己選擇的路，跪著也要把它走完。👣",恥笑
joaomoemoekyun1999,Joao M,"本來都同大家一樣，聽完lala choi啲歌先喺呆咗之後都忍唔住笑佢
但直到見到有個人話唔敢笑lala choi，或驚佢係特殊人士
再特登上網fact check吓，先至發現佢同Simon都真係有輕度智障
又忽然間覺得雖然佢啲歌真係教會級別
但係佢又真係冇傷害到人，如果咁樣恥笑佢又真係唔好….
講到呢度，就算玩膠話自己係小彤貓嗰啲就算最後唔係曲線變直線，唔係當佢係阿儀嗰種就好了",2026-02-28 00:41,INFJ｜窮撚社畜｜香港賽馬會捐款人｜不定期講經佬,恥笑
joaomoemoekyun1999,Joao M,"有冇人明￼
其實啲AI文同埋AI片真係睇到都煩…
有時睇到某啲Account￼係咁出啲AI文洗版
￼然之後成班人為咗堆￼文字垃圾鬧交….
又或者有啲懶係好笑嘅AI片，但完全係影像垃圾級別嚟🤦🏻‍♂️🤦🏻‍♂️🤦🏻‍♂️",2026-02-27 22:42,INFJ｜窮撚社畜｜香港賽馬會捐款人｜不定期講經佬,恥笑
catherine_hahahaha,Catherine キャサリン🩵,"用緊HKBN 100M 多年
盡情恥笑我啦🫣因為一直都懶得再鋪線
近排發現佢越收越差
咁啱就快約滿
佢話續約照舊價簽$99簽24個月
畀呢個錢有冇更好選擇？ 
謝謝各位",2026-02-26 14:44,"☀️私が私だから好きになってくれる人、
本当にいるのそんな人？☀️",恥笑
catherine_hahahaha,Catherine キャサリン🩵,m.youtube.com/watch…,2026-02-14 22:22,"☀️私が私だから好きになってくれる人、
本当にいるのそんな人？☀️",恥笑
ka_ho.goodgood,KadeC,"耐冇講
今日一打開個threads 
睇左好多令人好憤怒嘅嘢
究竟啲人要係幾缺德 先會做得出呢件事
個腦淨係不停loop住呢句
小心你父母
來代你受 原地折壽_
呼～ 又要呼喚洪先生出嚟鎮定情緒
呢個笑容 我真係原地溶化 唔使救我🫠
係能夠治愈心靈嘅笑容同埋酒粒呀
啱架喇 你都好似暫停營業咗一段時間（？
係時候出嚟俾啲衝擊我哋🫶🏻🫶🏻
We are ready 🧡
再講 其實你本《KIKI》 究竟係咩玩法？
呢個名究竟係咩密碼嚟？
正經諗 Keep Inspiring Keep Innovating? 
或者 Keep Inspiring Keep Improving? 
咁正經會唔會太似嗰啲公司slogan 
即係 Life’s Good 嗰啲朋友🤣
所以我內心深處其實希望係啲九唔搭八嘅嘢
例如係
Kaho Is Kind Inside 
我講完 自己都忍唔住恥笑左自己 🤣🤣🤣
算啦 等你慢慢解開個謎
睇住我哋喺咁x估又估唔中 
你一定好沾沾啦😆
抵你沾沾嘅 次次都估你唔到
好嘢呀 洪嘉豪先生🧡",2026-03-14 07:39,"太多苦惱 別太執著 去追風踢浪
隨便笑 隨便叫 忘掉不爽🧡
🇭🇰🛫🇬🇧",恥笑
jffth.k,櫻空桃小丸子🍒,"歐高榮師兄咁醒神整個無情工商😂
但遭受無情恥笑😭
佢似想食無(龍)碼精神但寫左快樂",2026-03-13 00:45,熱愛J台人士,恥笑
koyangchang,Cola Chang,"Team Taiwan !
逆風的時候主播就改回中華隊
￼￼我尊重你的認同，但是我恥笑你的無恥。",2026-03-05 12:45,#緁思構創造娛樂有限公司 當前僅一位,恥笑
koyangchang,Cola Chang,"領先Team Taiwan
落後 中華隊
緯來雙標政治正確",2026-03-01 17:22,#緁思構創造娛樂有限公司 當前僅一位,恥笑
lillian5402,Lillian🚀,"我看書一向很快，但這本書真實又沈重地讓我無法一次看完，謝謝這幾天的台灣人讓我想起我還沒看完的台灣史
你幾乎無法想像這一封封訣別遺書來自20幾歲，人生甚至都還沒開始的年輕人。光是看到每封信開頭是對家人的乞求原諒，眼淚就嘩啦嘩啦的流，不敢想他們提筆時心中在想什麼呢",2026-03-01 01:43,錢是大風吹來買可愛垃圾的👛₊✧✦🎀✧₊👗,遺書
small_potato_2025,J.L,"感謝您的付出，RIP🙏🏻🙏🏻🙏🏻
stheadline.com/healt…
/黃詠儀醫生離世百人送別追思會今移送和合石火化-遺言從不後悔行醫",2026-03-12 23:33,stheadline.com,遺言
small_potato_2025,J.L,雖然與你不認識，帶有不捨、感謝您付出，願黃醫生安息，另一地方做快樂天使。RIIP🙏🏻,2026-03-08 10:47,stheadline.com,遺言
jamie.cyuen,꒻ꁲꂵꂑꈼ,"我用咗1日寫咗個App ，即時火災警報通知。
目前有附近火警通知，大廈緊急通訊，大廈各層狀態報告，一鍵報平安、失蹤人口登記，留遺言功能。
如果你都唔想再見到今次嘅悲劇重演，呢個APP 可能幫你亦幫到人，如果你都想香港少啲悲劇。
留言話我知，等我有動力上架畀大家用",2025-11-30 19:44,,遺言
jamie.cyuen,꒻ꁲꂵꂑꈼ,"wangfukfire.com
整咗個平台for 搵住宿 同 提供住宿",2025-11-29 20:40,,遺言
smzzzzzw,S,"不敢相信身邊居然有人這一生在遇到困難時
從來沒有「想死」的念頭過",2026-03-10 13:16,SMZW,想死
smzzzzzw,S,"自從變胖了之後
已經好久沒量過體重了😭😭
沒看到數字就沒事",2026-03-07 20:19,SMZW,想死
smzzzzzw,S,"感覺大家小時候都會有自命不凡的時候吧
以前總覺得自己很獨特、很厲害、運氣很好
不知道什麼時候開始
這種感覺就消失了
反而開始覺得
哎，我就是個普通人罷了
取而代之的都是那些不自信、自我解嘲
想想自己依然是庸碌之輩
有點對不起小時候的自己",2026-02-26 20:45,SMZW,想死
miyoko_1022,晴晴精品童著🌸原創訂製/各國童品選物,"結局對決過程真的是充滿問號？？滿滿的BUG
1️⃣
雪花
明明是巫師，應該透視任何事情
卻句句都是疑問句？
「她生病了嗎？」「她是得癌症嗎？」
所有占卜幾乎都是顯而易見~
例如：男生很痛苦？有想要輕生的念頭
一般會上節目，就是非常難捨去念想
會有這些行為根本不意外
召喚死者➡️表現出生前的苦痛
脫離肉身為何還有生前的疾病纏身？
難得跟老公再次對話，句句都是我不想死~我很愛你？對話空泛....唯一叮囑就是要好好照顧女兒然後好好活著😂這是難得再次交談的正常行為嗎？
靈魂離開➡️還跟來賓依偎著，是忘記自己劇本了😂
2️⃣素彬
姐姐到底是意外還是他殺，沒說明
來賓被附身➡️一開始對話就說是奶奶...而且態度極差，素彬說這個不是來賓的奶奶，因為奶奶不會對待別人沒禮貌....
但為何後面又說是姊姊附身?感情很好的姊妹，為何對妹妹有那麼深的怨恨，口出惡言..感覺變成惡靈..完全不合理",2026-03-04 22:44,,想死
mom.suisuinian,mom.suisuinian,"焦慮、自律神經失調、恐慌、憂鬱已經成為這世代的文明病，以前看似距離很遙遠
自以為理解這些問題只要「不要想太多」就沒事
都是杞人憂天（確實一部分是）
但被社會化後
經歷了婆媳、育兒、婚姻、職場的摧殘（？
慢慢的自己也步上這條路
我自己是一陣一陣的
發作時可以維持幾個月
又可以好幾年都沒事
最近又開始了，也影響到生理
一開始喘不過氣、呼吸不順
誘發頭痛胸悶差點以為自己要昏倒
下班回到家立刻拿出塵封已久的鎮定藥
雖然説吃了過沒多久有海闊天空的感覺
但還是不想仰賴藥物
想問問有同症狀的大家，除了運動、吃藥
有什麼有效的方式可以適當的改善呢？🥹🥹
#焦慮症 #自律神經失調",2025-10-28 23:59,,胸悶
_.zyylnx,_.zyylnx,"全台灣最早睡的一天
.
.
.
.
.
發現根本睡不著",2026-02-22 23:34,,睡不著
_.zyylnx,_.zyylnx,"開學就像
網戀奔現
一樣 好刺激",2026-02-22 22:44,,睡不著
zer_o0823,zer_o0823,"那麼晚了你竟然還沒睡！
-
-
-
-
是不是又在為了誰而睡不著？
早點睡喔 不然很傷身體的",2026-03-15 02:23,"哈囉 我是Zero🫣
這個是發文的帳號 請大家持續追蹤喔",睡不著
eunoiastarrss,毛毛力大人 ･꒰՞o̴̶̷̤ᾥo̴̶̷̤՞꒱･,"我覺得我今天精神狀態非常之良好 
我要萌萌睡去了（睡不著可能會在留言區吵）",2026-03-16 21:42,"✩₊˚幸福的宇宙是朴宇宙🤍⋆˙⟡
‧˚꒰🍨꒱ ADHD飛鼠一隻 🇹🇼/🇨🇦",睡不著
eunoiastarrss,毛毛力大人 ･꒰՞o̴̶̷̤ᾥo̴̶̷̤՞꒱･,給友列萌推薦幾首非常少女心又可愛的清新軟萌歌曲！,2026-03-16 20:53,"✩₊˚幸福的宇宙是朴宇宙🤍⋆˙⟡
‧˚꒰🍨꒱ ADHD飛鼠一隻 🇹🇼/🇨🇦",睡不著
pro0492999123,普羅｜文化,當小編．失眠了．怎麼辦😭,2026-03-16 23:55,"普羅文化｜把想法印成作品
美術印刷・大圖輸出・ＵＶ印刷・客製製作
品牌視覺｜文宣企畫｜活動物料｜出版協作
南投縣埔里鎮北辰街117號",失眠
pro0492999123,普羅｜文化,"新手求推薦
請推薦１個，一定要追的帳號
我先來：
@ashin_ig
@ashin_ig
原因：「五月天 阿信」這還需要原因嗎？🥰",2026-03-16 22:26,"普羅文化｜把想法印成作品
美術印刷・大圖輸出・ＵＶ印刷・客製製作
品牌視覺｜文宣企畫｜活動物料｜出版協作
南投縣埔里鎮北辰街117號",失眠
pro0492999123,普羅｜文化,"粉絲少
下班早😭",2026-03-16 18:28,"普羅文化｜把想法印成作品
美術印刷・大圖輸出・ＵＶ印刷・客製製作
品牌視覺｜文宣企畫｜活動物料｜出版協作
南投縣埔里鎮北辰街117號",失眠
pro0492999123,普羅｜文化,"我家老闆問：什麼是 活動物科
小編很無奈...",2026-03-16 17:11,"普羅文化｜把想法印成作品
美術印刷・大圖輸出・ＵＶ印刷・客製製作
品牌視覺｜文宣企畫｜活動物料｜出版協作
南投縣埔里鎮北辰街117號",失眠
chem__en,陳恩,"整個大失眠…..
好羨慕可以睡成豬一樣的人",2026-03-16 04:38,曬到太陽分你一半,失眠
chem__en,陳恩,"怎麼都沒人跟我聊天
都搞集體暗戀是吧！",2026-03-15 17:16,曬到太陽分你一半,失眠
5719_5719,571,"記錄一下
今天是排卵日後11天
驗到淡淡的兩條線
應該是懷孕了！
但剛好在年假期間
等開工再去婦產科再次確認！
備孕兩年
終於～
#二寶",2026-02-19 08:33,,懷孕
5719_5719,571,"認同～
不是我們該如何控制孩子的行為
而是該如何療癒自己",2026-02-12 13:40,,懷孕
bee_30678,綠菇菇,"少子化與其說是現在青壯年對大環境無聲的抗議，不如說大家其實看清了
看清了政府為了保護戰後嬰兒潮那些選票
不敢打房因為房產幾乎都在這些人手上，再來就是政府官員也是名下房產一堆
看清了孩子如果出生會複製自己的平庸，融入大環境裡的低薪高物價高房價，與其不要讓他出來受苦
看清了現在政府的每一步都是在透支未來，犧牲的是從現在的年輕人到下個世代的人，換取中老年人的退休烏托邦和持續累積世代家產
可預見的未來裡，中產慢慢消失，社會上不是菁英就是8+9生的黑子，年輕人的勞保已經撐不起退休人士、稅收大減、勞力緊縮、中小企業瓦解，國家一步一步倒退，而那個未來到來的時候，這些政府官員、囤房老人早就已經爽死去了，剩下的爛攤子通通由未來出生的人來承擔",2026-03-11 22:30,出沒：弓箭手訓練場ⅠⅡⅢ、迷宮通道、魔法森林南部、智慧森林、森林底部、魔法森林南郊、大木林Ⅲ、南部森林訓練場ⅡⅢⅣ、北部森林訓練場ⅡⅤⅥⅦ、北入口、南方工地、歷恩森林ⅠⅡⅢ、墮落城市森林ⅡⅢ、勇士村西部、勇士村西入口、西方岩石山Ⅲ、岩石路Ⅰ、勇士村東部、黑森林、黑森林沼澤、森林迷宮Ⅱ,孩子出生
ninamama_0322,Nina｜育兒教養｜IG自媒體,"懷孕那十個月
很多人只看到肚子變大
但只有媽媽知道
那段時間
睡不好
身體不舒服
情緒起伏
甚至有時候會害怕。
但當孩子出生那一刻
一切好像都變得值得了。
原來
媽媽不是突然變成媽媽的
是從懷孕那天開始
一點一點長大的。
⸻
如果你也是媽媽
你懷孕時
最辛苦的一件事是什麼？
留言跟我說 🤍",2026-03-10 15:24,"🩷ⒷⓌⓁ 全美世界
👧不僅是媽媽，也是女兒，更是自己。
🩵健康管理/終身學習/換位思考
🛒素顏零底妝",孩子出生
lee_lin_days,LeeLin,"Hi 歡迎你來到這裡，我是Lin。
去年9月公司部門解散而被資遣，隨後因家裡的事情忙碌至今。
這5個月領著失業補助、接接外包、吃存款過活。而這個月，是最後一次的失業補助。
希望這個月可以找到理想工作！
看到這裡的你，如果也有想達成的目標，一起努力吧！
祝彼此順利。",2026-03-10 01:57,"拖延症 低能量 待業中
每天一篇待辦清單📝
直到找到理想工作💼",失業
open_16800,open_16800,"40+失業的我
從失業到現在已經3個多月
從一開始的迷茫、疑惑
到後面的焦慮、沮喪
無法計算投了多少履歷
卻只收到一次面試機會
就在今天收到offer
原來40+還是能被看見的
給失業的朋友一點信心
人生很長
我們20幾年的工作經歷
一定會被有眼光的人賞識",2025-12-10 13:44,,失業
ean_wil,Ean,"長大後我害怕的兩件事：
1. 失業
2. 上班",2025-09-29 17:54,,失業
ean_wil,Ean,"在外國打噴嚏，其他人：Bless you！
在香港打噴嚏，香港人：屌你！",2025-09-25 23:37,,失業
icemen210092,Howard Chen,曾經我是一個大家眼中的魯蛇。信用破產。一台摩托車是我唯一的資產。帶著2歲的小孩。背著700萬的負債。聽著茄子蛋的「浪子回頭」歌詞：你坎坷的路我騎著我的兩光歐兜賣懷疑我的人生像狗屎。我不相信命運。過了10年我撐過去了。也活下來了。我不敢相信。信用恢復了。銀行認真的把我當成客戶了。好苦啊。這些苦放心裡。我想勉勵大家。活著就是希望。勉勵正在低潮的你們。老天爺要給你光榮之前必定會給你一場苦難。加油。,2026-03-03 23:46,,破產
buenored,Marco Hung,"@netflixtw
@netflixtw
實名制希望Netflix台灣可以播放破產姐妹花
每天心心念念什麼時候輪到台灣
一人一個讚讓他們知道我們很愛看！
姊妹粉站出來！！！ 我愛蘇菲！",2026-01-18 18:02,,破產
lamball_wool,lamball_wool,"想找一個會玩楓之谷的男生朋友一起練功～
我是135主教🙋‍♀️I人，但熟了會開始亂講幹話請自行評估😂
最近終於成為主教了
只能說這職業根本是用水燒出來的 =^=
目前在神木村練等，練到經濟直接結据⸝⸝⸝ᵒ̴̶̷̥ ⌓ ᵒ̴̶̷̣̥̀⸝⸝⸝
水一買就快破產，主打一個玩到沒錢就退坑（？）
💸 有沒有主教技能書太多的QQ
💸 或是好野人願意贊助我一點水錢😆
我會帶著你的心意慢慢長大 ε(*´・∀・｀)зﾞ
底下留代碼，可以直接加好友一起玩～
聊天、打遊戲、一起窮都可以🤣",2026-01-27 02:22,"大I人 楓之谷日記
祭司緩慢長大中",破產
asdf369asdf,𝓛𝓾𝓲𝓼-祥宇,"前東家剛已賣出10間分店+員工（還算幸運的）（負債千萬～億）
剩下的分店跟員工大概是等破產結束營業了吧。
那些人最後能不能拿到失業補助也是個謎🤗。畢竟本來就不怎麼走正常路線了😉
真是期待接下來發展",2026-03-13 03:45,"界 文 的 |偶E O
世 廢 我 | 爾 M
- - - - - -",破產
asdf369asdf,𝓛𝓾𝓲𝓼-祥宇,"丟了大概一週的應徵跟履歷，昨天終於有個臨時面試了。（真的是焦慮不行，很想亂投，但有忍住一週投1-2個真的想要的慢慢觀望）
可能對方剛po第一天而已，想要多面試幾個才看狀況吧。
希望能上岸，不然又要死滅迴游了？",2026-03-06 01:27,"界 文 的 |偶E O
世 廢 我 | 爾 M
- - - - - -",破產
asdf369asdf,𝓛𝓾𝓲𝓼-祥宇,"感覺台灣近況真的是超大量的人離岸下海出游，104跟1111又找不到好的，或者根本只是掛好看其實根本沒在徵人的。
真的是辛苦各位還在游，或是游很久的人了。
去年離職好好休息到現在過年後想說好好看一波，結果真的是看到大家分享的職場環境薪水慘不忍睹。",2026-03-05 02:06,"界 文 的 |偶E O
世 廢 我 | 爾 M
- - - - - -",破產
bendaistore.sanrio,Bendai Store－三麗鷗,"🍮Lowrys farm x 布丁狗
迷錯！布丁狗又又又來搶大家的錢包了（快破產⋯
但沒關係 努力賺錢就是為了買喜歡的東西🤩
繼上次repipi家 這次換lowrys farm 跟布丁狗聯名囉～～
一樣群組會有代購 希望的可以加入我們喔！！！！
裡面是布丁狗大本營🥳",2026-03-10 09:57,"ʚ可愛的三麗鷗來襲 🎀ᩚ
ʚ官網下單！方便又快速 💛ྀི
ʚ商業登記！不怕買到假貨（統編：28604614）
-
闆闆是超級布丁狗愛好者🍮",破產
bendaistore.sanrio,Bendai Store－三麗鷗,🍮出清一些小布丁！！,2026-03-06 21:46,"ʚ可愛的三麗鷗來襲 🎀ᩚ
ʚ官網下單！方便又快速 💛ྀི
ʚ商業登記！不怕買到假貨（統編：28604614）
-
闆闆是超級布丁狗愛好者🍮",破產
hjy._.1106,壹伍六 🎀,"每天就是：
我好累、我想睡覺、我想回家、我肚子好餓",2026-03-04 16:56,,好累
dayoff2002,dayoff2002,"找工作Day6 
明天安排了兩間面試
又覺得自己好像不夠資格 
開始找工作後每天電腦畫面都長這樣
覺得心好累 希望明天可以順利。",2026-03-10 14:41,,好累
little.by.little_fafa,發光日,"你好，我們是發發和三號
歡迎來到《微小日常》
你是不是也常常覺得，生活很忙，快要忘記自己的感受了？
創立這裡的初衷很簡單：我想打造一個『不批判，只陪伴』的空間。
在這裡，你不用假裝堅強，也不用擔心說錯話。
你的每一個微小故事，都值得被聽見。
你可以...
在任何貼文下留言，分享你的故事。
去聽我們的 Podcast，讓我們的聲音陪你。
匿名投稿你的故事，我們一起療癒更多人。
 (連結都在自介)
準備好了嗎？追蹤我們留下來
我們一起慢慢走
#微小日常  #療癒 #陪伴 #故事",2025-10-30 10:43,"幫助在生活中感到迷茫的你
找到療癒出口
🎙️ 每週三、日 20:00 更新
不批判，只陪你，和你聊聊大人的煩惱
🩷點擊收聽最新節目
🩷匿名投稿你的故事",好累
cathy.notesla,木子皿La,"Bradley Jaden Live in Taipei
在2025悲慘世界音樂會台北場Javert知道他的，
那時第一次有種愛上Javert的感覺（10週年版太冷酷每次都跳掉）
.
這次最愛的曲目不意外的是悲慘世界的The Star ，意外的是麥迪遜之橋的Wondering，不知為何就是喜歡。
.
下半場開始感覺總裁聲音開始卡卡，忍不住每首都為他緊張…..（感謝音樂總監人很好拿水給他，一開始還誤會總監要自己喝😆)
.
很喜歡歌曲之前的詳細說明，可以一窺選曲背後的故事和歌曲對歌手本人的意義（是真的很詳細！），讓人認識到歌手除了美聲之外，真誠和心懷感謝的另一面，感覺一直聽到他各種感恩和稱讚，今天有來真是太好了～
.
本次驚喜是嘉賓Ben Forster，居然唱了萬世巨星的Gethsemane!!!整個人從步入舞台到演唱結束瀟灑離場，透出一股大將之風，一秒帶大家進入萬世巨星宇宙，啊啊啊啊好喜歡有夠炸😻
（雖然這個安排讓人十分困惑，到底誰會在自己的主場叫好朋友出來一陣狂炸猛炸嚇死觀眾的，這樣觀眾會愛上嘉賓捏😻）
真是的，如果下次繼續這樣我只好買更前面的票支持了😻
真是愉快的一個晚上！",2026-03-02 00:01,普通女子的尖叫樹洞,悲慘
cathy.notesla,木子皿La,"過年期間適合賞花
花花們好美
但我最愛動物們😻",2026-02-19 00:07,普通女子的尖叫樹洞,悲慘
aprilmoon86,Sylvia Tsai,"3天連假的最後1天，
北高半日遊，
下午搭高鐵北上觀賞晚上的「Bradley Jaden LIVE IN TAIPEI」，
看完就趕回高雄準備明天上班🥱
他是著名的音樂劇演員，
之前才來台演出「悲慘世界」音樂劇的音樂會，
他所詮釋的賈維爾真是非常經典，
這次是他個人的演唱會，
他的歌聲可以渾厚深沉、也可以高亢嘹亮，
所選唱的都是在他人生歷程中有重大意義的歌曲，
除了音樂劇以外也有許多老歌😆
另外還邀請他的好朋友-特別嘉賓Ben Forster一同來台，
他所演唱的Gethsemane，
是音樂劇「萬世巨星」中很經典的歌曲，
癲狂的超高音張力十足，也是贏得滿堂彩，
很喜歡他們的合唱、可惜太少😂
也很喜歡他們之間的情義相挺以及很有愛的互動，
在謝幕時，Ben還一直幫忙錄影，
真的很可愛耶🥰
雖然今天來去匆匆，
不過真的很值得😍
#國家音樂廳",2026-03-01 22:06,,悲慘
c11189,Lisa Chen,"今天真ㄉ超級開心欸
還好去年有去聽悲慘世界音樂會!
Bradley真的是歌聲充滿正氣(?)的人超級喜歡
然後Ben也好棒欸，下午不小心加入等簽名的行列，Ben出來幫Bradley買咖啡，跟大家簽名拍照跟聊天，有夠nice😭
蠻喜歡兩廳院的場地的，雖然今天樂器的聲音有點蓋過人聲，但人聲的表現很精彩，因為我根本離musical kid的程度很遠，所以不出所料的聽過的曲目很少，但很喜歡Bradley一一說明選曲的原因跟各種小故事!
Ben唱Gethsemane真的有激起去看萬世巨星的慾望欸(打開錢包😌
不知道為什麼謝幕的影片會拍成那樣，不過下班路很開心，簽名合照都get，Ben跟Bredley都很好看，我也有去參加音樂會!
也有跟音樂總監Matthew說謝謝，他的簽名好好看欸",2026-03-01 22:36,"I dumped my weird thoughts and emotions here.
Sometimes all I think about is Droo.🤠
Sometimes is a lie, liar told you that!",悲慘
rick26.huang,Rick Huang,"怎麼那麼好聽啊...
第二個故事（Antonia）當中，兩段多人合唱真的是太精彩了....
第一段三個男聲的合唱，讓我聯想到了「悲慘世界」裡面JVJ跟Javert的吵架歌。
沒想到第二段女聲加入合唱後，更加精彩...
還有第一個故事（Olympia）裡面，那個機器人娃娃女高音也是唱得非常的棒（應該是最受觀眾歡迎的片段）...
還有我今天完全折服衛武營音樂廳一樓的聲音效果，真的是超級享受...
對了，今天最大的驚奇...
簡總監也唱了一句....😲😄",2026-03-14 02:38,,悲慘
curtaincall227,Ray,"記錄一下明年想看的音樂劇以免忘記買票
1. 《歌劇魅影》（已買）
2. 《有真與有真》
3. 《LPC》 （連演三個月的話，以我這個隨性買票的個性，多刷的可能性極高，錢包很完蛋）
4. 《Maybe Happy Ending》
5. 《勸世三姊妹》
（還在思考要不要帶家人去看臺中場釧兒）
-
隨時補充😗",2025-12-02 09:50,"ntu
喜歡看音樂劇的大i人",悲慘
sh7__3,今.,"恭喜我爸爸辛苦37年終於退休了
退休後可以認真照顧我哩🥰
幫他訂做了一個超大蛋糕
他超開心一直炫耀🤣🤣
還叫我要記得po蛋糕的照片～
（雖然是臨時抱佛腳訂的^_^）",2026-01-25 18:58,我的廢文小天地,退休
dpploser,吳昕劉,"某人夫妻都是醫師做到退休去看豪宅被質疑錢從哪裡來
一個存款900萬卻花近一半包機結果同一群人覺得正常
我快要不懂號稱挺台灣的邏輯了",2026-03-11 15:15,"青鳥請帶腦來留言
忠貞民進黨支持者
但不是現在這個民進黨",退休
keins9527,CHK CHEN,"提前退休Day 12
50歲竹科肥仔大叔，
告別竹科每日追逐生產目標的日子，
近兩週以來，依舊習慣性的早起，
看著馬路上匆匆忙忙的人來人往，
想著自己腳步終於可以放慢時，
壓力真的完全釋放，
我想截至目前，這樣的生活是我要的！
有人說，要做好規劃與目標再退休比較好，
最近在想，過去2、30年，
已經過著每天訂定目標追逐目標的生活了，
既然選擇退休了，
規劃與目標可以有，但是就慢慢來吧！
一樣找到過生活的temple，隨心所致！
至於也有很多朋友提到理財的規劃，
目前為止還沒有太多的感覺，
當然這也是FIRE前一個很重要的課題，
以後有機會再來分享！",2026-03-14 16:58,"6年5班退休老草，閒閒沒事
登山，露營，騎車，跑馬，罵民進黨
下半場，開始為自己",退休
keins9527,CHK CHEN,"退休耍廢-Day9
耍廢了8天，來到第9天，
50歲肥仔大叔不動是真D不行了😆🤣
2026台北大縱走開走，第一段完食⛰️
這次走得慢一些，不趕🚶
因為接下來，時間很多，日子很長⌛️",2026-03-11 14:19,"6年5班退休老草，閒閒沒事
登山，露營，騎車，跑馬，罵民進黨
下半場，開始為自己",退休
keins9527,CHK CHEN,"等不及，都熱身完了我！
若C你必須給我加油催落企啊💪💪",2026-03-05 09:33,"6年5班退休老草，閒閒沒事
登山，露營，騎車，跑馬，罵民進黨
下半場，開始為自己",退休
ryanjan99986,Ryan 詹,"提早退休前每個月買一次0050
第一個月",2026-03-02 18:14,,退休
menglin7533,許夢麟,"第一次發脆文
有人跟我媽媽一樣
在同一個職場待超過40年的嗎？
我親愛的阿母
我幾歲她就在這公司服務幾年
居然能在一家公司待了40年，真的不容易，且還養我們3個小孩到大
因為身體狀況提早辦理退休，在家休養
👏👏👏👏👏
大家給我阿母按個👍
㊗️媽媽身體健康、事事順心
換我來照顧您",2026-02-10 22:47,,退休
pinpin0331,pinpin0331,"我離婚了 我離婚了 我離婚了。
太開心了。
不用再去婆家過年。
有自己的房子。
小孩我是主要照顧者。 太開心了。
謝謝神明保佑🙏 天主保佑 🙏
（今天調節前 有認真祈禱🙏） 
感謝親朋好友的幫忙
真的好開心",2026-01-23 12:15,,離婚
pinpin0331,pinpin0331,想請問，單親媽媽，住台北。想使用大眾運輸工具出遊（不會開車） 小孩小一。 有建議去那裡嗎？ 想要兩天一夜之類的。,2026-01-12 19:31,,離婚
goldcow2024,goldcow2024,我用四天的時間完成離婚、找房子和搬完家了！,2025-11-06 16:00,,離婚
law_easy_law,賴承恩律師-法律公蝦米,"昨晚睡到一半，突然被老婆叫起來。
她眼光泛淚地拿著我的手機問我：
「這是什麼？你是不是外遇了？」
我的手機通知跳出一整排訊息：
「我好想你」
「我正在看著我們的照片，我可以去找你嗎？」
「可以不要離開我嗎？」
我超級矇，結果打開手機一看，
是一個離婚案件的當事人，有點年紀
因為不會截圖，
所以直接把她老公的騷擾訊息轉傳給我。
….
欸不是，阿姨妳可不可以用一點傳長輩圖給我的時間，去學一下怎麼截圖。
妳知道妳的離婚律師差點被妳搞到自己要打離婚官司嗎？",2025-08-21 17:55,"嘴砲當飯吃的律師aka愛打電動的肥宅
🎞️ 台中在地律師與平民小編的對決
🎞️ 簡單懂法律生活不吃虧
- 
民事訴訟｜刑事訴訟｜家事訴訟｜離婚糾紛｜車禍案件｜法律顧問｜任何法律諮詢
-
📬法律諮詢請私訊預約-賴律師親自上陣
📬心靈雞湯診療-漂亮小編會視情況回答",離婚
