username,y_true,y_pred,probability
0.summer.endless.0,0,1,1.0
01.garcialuz,0,1,1.0
0310roger,0,0,0.0
03_kuanzhi_16,1,0,0.0
0923____25,1,1,1.0
0e27y_,0,1,1.0
1._.ynn,1,1,1.0
1010___lin.jie,0,1,1.0
1010energetic_.tw,0,0,0.0
1024_shuanns,1,1,1.0
11.neststory,1,0,0.0
11reallulu20,0,1,1.0
1216_fish_,0,0,0.0
1nnunz,1,1,1.0
1xinovo,0,1,1.0
1yuknz,0,1,1.0
2.19ee,0,0,0.0
2008____poppy,0,1,1.0
2023rebellion,0,1,1.0
2862nms,1,1,1.0
29words_,1,1,1.0
2yenza,0,1,1.0
3030how,0,1,1.0
31o____o,0,1,1.0
321.o9,0,0,0.0
4wriis_,0,0,0.0
6kz.030,0,0,0.0
7.17_cy,1,1,1.0
7888__h,0,1,1.0
7_uny.x,1,1,1.0
7earfu1,1,1,1.0
7yxuan__cc,0,1,1.0
7zxloy,0,1,1.0
86_black0123,0,1,1.0
8_yyzzlo,1,1,1.0
9._jnnn,0,1,1.0
90.6.9,0,1,1.0
9unyzx_,0,1,1.0
_.1zxl,0,0,0.0
_.39.158,0,0,0.0
_.7siyu,0,1,1.0
_.hyunsh,0,1,1.0
_.xinn430,0,1,1.0
_3_0_1_0_3,0,1,1.0
___aagesde____plour,0,0,0.0
__bbioppppp,0,0,0.0
__xin.01,1,1,1.0
__xin_jing25,0,1,1.0
_cini._.art,0,0,0.0
_davibaby_,1,1,1.0
_emma2.9,0,1,1.0
_jokiho_,1,1,1.0
_kr0998,0,1,1.0
_lfdddd,0,0,0.0
_louiss0922,0,1,1.0
_mechow_,1,1,1.0
_ncy.1o,0,1,1.0
_o0wo0,1,1,1.0
_pl0z3o1,1,1,1.0
_rblss3,0,0,0.0
_tfhhh_,0,1,1.0
_vwjsibsku,0,1,1.0
_xi._.2054,0,1,1.0
_yan.610,1,1,1.0
_yu_8.4,0,0,0.0
_yunnn.19,1,1,1.0
_zpei1n,0,0,0.0
a0905073793,0,1,1.0
a9854666998,0,0,0.0
a_liang_1103,0,0,0.0
ai_nanai,0,1,1.0
aitaiwan2016,0,1,1.0
alice_000_000,1,1,1.0
alice__0503,0,0,0.0
aliya_v_kim_a,0,1,1.0
all.error,1,1,1.0
allen963,0,0,0.0
alpha78677,0,1,1.0
andrewjdonachie,0,1,1.0
angelchen5703,0,1,1.0
annielow1314,0,0,0.0
aorrieeol,1,1,1.0
appplllleeeeeeqwq,1,1,1.0
april_wsyyy,0,0,0.0
aprilcatsu,0,0,0.0
ashlykow,1,1,1.0
astridmu1209,1,1,1.0
aszx1652458,0,0,0.0
aural_123,0,0,0.0
ayra_eyeb72ll,1,1,1.0
b_chen.99,1,1,1.0
bagelgan,0,1,1.0
bala_o6_,0,0,0.0
bboyds,0,1,1.0
beautiful8310638,0,1,1.0
bennien37,1,1,1.0
bere.vaxquez,0,1,1.0
berlinju0120,0,0,0.0
betheadvocate_2019,1,1,1.0
bi.boo_,0,1,1.0
binbingo_10.23,0,0,0.0
bl_01234,1,1,1.0
bleep_bleep_sheep,1,1,1.0
boboanddidi_,0,0,0.0
boredom.love_,1,1,1.0
brilytap,0,1,1.0
bun11445,0,0,0.0
butterfunlife,0,0,0.0
c.ciin_,0,1,1.0
c.s_.10,1,1,1.0
cahiyd,0,0,0.0
calorieswithmic,1,1,1.0
cat.hyzzz,0,0,0.0
cat_cat0818,1,1,1.0
catboss520,0,0,0.0
catmeatsusu,0,1,1.0
ccic_____,0,1,1.0
charlotte_010217,1,1,1.0
cheer_soyd,0,0,0.0
cheerchichi_0610,0,0,0.0
chen_.910,0,1,1.0
chengxue_0607,0,1,1.0
chenyi33,1,1,1.0
chenyiyui,0,0,0.0
chi_520778,0,1,1.0
chiahan0416,0,0,0.0
chichi.dogdog,0,0,0.0
chih_509,0,0,0.0
chiyuan1027,1,1,1.0
chloe1114.tw,1,1,1.0
chn_.08,0,1,1.0
chrissyhu99,1,1,1.0
chryslernyc,0,0,0.0
chunchen_411,0,0,0.0
chunyi_li_1011,1,1,1.0
chyntiacps,0,0,0.0
ciaran_0125,0,0,0.0
cindy_in_pink,0,0,0.0
cjy.80,1,0,0.0
cloretss._,0,0,0.0
coco_peig,0,0,0.0
conan0825,0,0,0.0
coser_0224,0,1,1.0
crcuxi,0,1,1.0
cristymendozariv,0,1,1.0
croyzx_,0,0,0.0
cssnisy,0,1,1.0
cucufu434,1,1,1.0
cye_922,0,1,1.0
cygnus._.6317,0,0,0.0
cys.xx___,0,1,1.0
da_.uj,1,1,1.0
daiyelinencarnacion,0,1,1.0
daiyuxiann,0,0,0.0
dalx2moon,1,1,1.0
dating_cockroach,0,1,1.0
david.zyw,1,1,1.0
daydreamdiary2023,1,1,1.0
dcj0227,0,1,1.0
depression_lan,1,1,1.0
designer.lin20290fire,1,1,1.0
deweitong,0,0,0.0
dianana_623,0,0,0.0
diary._.0411,1,1,1.0
do_reen4814,0,1,1.0
doc_hsunchen,0,0,0.0
doublejoylee,0,0,0.0
dragon_________,0,1,1.0
drama_share_,0,1,1.0
dunobhujs,1,1,1.0
eateat260,0,0,0.0
elaine_h,0,0,0.0
eltonjohntann,0,0,0.0
ely_ramirezb,0,1,1.0
er920889,1,1,1.0
esnnnx,0,0,0.0
essential0156,1,1,1.0
etamoreveggies_plz,1,1,1.0
etching.liao,1,0,0.0
eteyiter,1,1,1.0
evanceane,0,1,1.0
evonny.sequeira8,0,0,0.0
existence.in_disorder,0,1,1.0
fang._.0925,0,0,0.0
fany_girlb,0,1,1.0
fashosanda,0,0,0.0
feeling_sunyata,1,0,0.0
fernanda.flores.29,0,1,1.0
fersss_h,0,1,1.0
fighter_0704,0,0,0.0
fireworks_11_22,0,0,0.0
five09_29mua,0,1,1.0
fivegrasses,0,0,0.0
flowerrr.030,0,1,1.0
forevercat_053455,1,1,1.0
fragilesky,0,0,0.0
freelife5656,0,0,0.0
fromadream.tohere,1,1,1.0
fulinnnnn3,1,1,1.0
funfun_cc,0,0,0.0
fwx_.9,0,1,1.0
fyou777,0,1,1.0
g_lin_o8,0,1,1.0
gary_ck102,0,1,1.0
gee._.chingggg,1,1,1.0
ginger__cc,0,0,0.0
giovannalan19,0,0,0.0
goldenexcalibar,0,0,0.0
goodbuyliu,0,0,0.0
gsc_1103,0,0,0.0
gsjsii_hdjd,1,1,1.0
gto520momo,0,0,0.0
gua826,1,1,1.0
guangcai60,0,0,0.0
guavayihao,0,0,0.0
guest1.0.1.0,0,0,0.0
hakunamatata_kee,1,1,1.0
han9._.baozi10,0,1,1.0
hancocktang,1,1,1.0
happylifee_1987,1,1,1.0
harukaaa.3,0,1,1.0
hc.chii.13,0,1,1.0
hey._0316,0,1,1.0
heyheyokk,1,1,1.0
hii._.iiu,1,1,1.0
hina15118,0,0,0.0
hnoxac19,0,1,1.0
holdyuri2000,0,0,0.0
hollowbutbreathing,1,1,1.0
hong.wanzhen62,0,0,0.0
hope4peace0415,1,0,0.0
how13765,1,1,1.0
hp1103121,0,0,0.0
hsiao_mei_229,0,0,0.0
hsin_i_326,1,1,1.0
hsu_mei153,0,0,0.0
hsuan.___u,0,1,1.0
hyunin_625,0,1,1.0
hyyyyy_ri,0,1,1.0
i8lenn,1,1,1.0
i9kmg_,0,1,1.0
i_am_a_pretty_fairy_,0,1,1.0
i_xyz___06,0,1,1.0
ikti42,1,1,1.0
im7.illla,0,1,1.0
imsocoldbabyholdmyhand,0,1,1.0
ineedtotalk2026,1,1,1.0
inverted__sun,0,0,0.0
io_612,0,0,0.0
iuyxani_,0,0,0.0
jack3068,0,0,0.0
jacko.liu99,1,1,1.0
jacky.0224,1,1,1.0
jajazmincita17,0,0,0.0
jan_02.03,1,1,1.0
janice1890_,0,1,1.0
japantaiwanwater,0,1,1.0
jefferysu_109,0,0,0.0
jennifer__yx,0,0,0.0
jeremyhuang76,0,1,1.0
jhui0817,0,1,1.0
ji_ke__es,1,1,1.0
jia__0307,0,0,0.0
jiangshunliang7,0,1,1.0
jiayiwen_0813,0,1,1.0
jidisssdi,1,1,1.0
jiezhensu,1,1,1.0
jimmywei_tw,0,1,1.0
jinxierling,1,1,1.0
jsp20526,1,1,1.0
junrui03,0,1,1.0
jwst413,0,0,0.0
k0onnii,0,0,0.0
kaier_liu,0,0,0.0
kaniki.__,0,0,0.0
kar1kaze303,1,1,1.0
karen.grfl,0,1,1.0
kellyuplcahannah64542,0,0,0.0
keraylin,0,0,0.0
khinmap.tw,0,0,0.0
khs_1031,0,0,0.0
kingyaya123yabe,0,0,0.0
kl_sheila,1,1,1.0
kochan840000,0,1,1.0
kokiz27_,1,1,1.0
kuanyuchuchu,0,1,1.0
kude2783,0,0,0.0
kxk_slsl,1,1,1.0
la_.vie_.en_.rose_,0,1,1.0
lansi_____,1,1,1.0
lar_592029,1,1,1.0
leojoija,0,0,0.0
lex.w.ter,1,1,1.0
li.323o,0,1,1.0
lianwen_705,1,1,1.0
like518125,1,1,1.0
limioox,1,1,1.0
lin._.abbe,1,1,1.0
lincandy0957,0,0,0.0
linclaireee,0,1,1.0
lion.8888__,0,1,1.0
ljy.0907,0,0,0.0
llldksgdk_,0,1,1.0
lluvia_jie13,1,1,1.0
lny_zsy,0,1,1.0
lolita_control_leader,0,1,1.0
love_cute._.draw,0,1,1.0
loveaable999,0,1,1.0
loving_u.z,1,1,1.0
lubo.bao1122,0,0,0.0
lucy__0710,1,1,1.0
lumi.bodi.moni,0,0,0.0
lunabakerg741,0,0,0.0
luo.jie1128,0,1,1.0
lyc__xie,0,0,0.0
lyccc._mga_,0,0,0.0
lyiixc,1,1,1.0
lyr_0530,0,1,1.0
m.y.minnn,1,1,1.0
mait.e_najera,0,1,1.0
maria_jr14,0,1,1.0
marlonfield_1119,1,1,1.0
masa611003,1,1,1.0
may._.605,0,1,1.0
mdd_.4,1,1,1.0
me2l_ow,1,1,1.0
meatcircle37637,0,1,1.0
medolondo,1,1,1.0
melancholy.jean,1,1,1.0
memorandum_1145141919810,1,1,1.0
mental._.illness1124,1,1,1.0
meow2secrets,0,0,0.0
mephist,0,0,0.0
meron_1115,0,1,1.0
micmy5206,0,1,1.0
miff454,0,0,0.0
mikomiko207,0,1,1.0
mimumeliilt,1,1,1.0
miniliu_520,0,1,1.0
minimumvariant,1,1,1.0
minorurin,0,0,0.0
minx_527,0,0,0.0
misa_double_cheese_cake,0,0,0.0
misslook_09153636,0,0,0.0
missnuma,0,0,0.0
misyeela,0,0,0.0
mk_77gg,0,1,1.0
mochi__wu,0,0,0.0
momo.seven_,1,1,1.0
momochin163,0,0,0.0
moni.aw11,0,1,1.0
motari00,0,0,0.0
mrmrttrr,0,0,0.0
mudskipper_0_,0,1,1.0
murielcatd,0,1,1.0
myyl0818ove,1,1,1.0
n2fcn118,0,1,1.0
n52053099,0,0,0.0
naminuna_190522,0,0,0.0
namless_0926,1,1,1.0
nenuyney,0,1,1.0
neopega,0,0,0.0
nikivincentia,0,0,0.0
nn_rou,0,1,1.0
nnnnnnmbnnnn2,0,1,1.0
noeat_nolife_,0,0,0.0
nogay169,0,0,0.0
nothing._00023,1,1,1.0
o._v_.o10,1,1,1.0
o0.chi7_,0,0,0.0
o_.1yl,1,1,1.0
oeo_.o6,0,0,0.0
oinnnk,1,1,1.0
ok_c_16_,1,1,1.0
okok1_314520,1,1,1.0
oldlionco,0,0,0.0
ole_freddy167,0,1,1.0
olm__sate,1,1,1.0
ooieyaw946,1,1,1.0
organictomatooo,0,1,1.0
outofthe.194,1,1,1.0
owohuanowo,1,1,1.0
owouwu2333,0,1,1.0
p.ei612_,0,1,1.0
p.h.a.n.y,0,0,0.0
p_.lucky._q,1,1,1.0
p_ink.ink,1,1,1.0
parper_crane,1,1,1.0
pen_guin0213,1,1,1.0
peony66626,1,1,1.0
phone0508,0,1,1.0
ping0130,1,1,1.0
pinkroid_516,0,0,0.0
pinocchoked,0,0,0.0
pj4ro4,1,1,1.0
playplay5726,1,1,1.0
purepure929,1,1,1.0
purify_77ww,1,1,1.0
qian._.120,0,1,1.0
qiovoa_,0,1,1.0
qiupeizhen9,0,1,1.0
qq610318,0,0,0.0
queengirlisme,1,1,1.0
qwe._.1913,1,1,1.0
qwertyuioptw2018,0,1,1.0
rbbnx12,0,0,0.0
real_onna__,1,1,1.0
redlover770305,0,1,1.0
reebok841,0,0,0.0
rejifhh_,1,1,1.0
remingtonaswedc,0,0,0.0
ren.12.34,0,1,1.0
renesmmmmme,0,1,1.0
rhea.801976,0,1,1.0
rinnkiiiiii._.4u,0,0,0.0
rmc._.0604,0,0,0.0
rojasagustina21,0,1,1.0
ryan_black_444,0,1,1.0
rzm_3020018,0,1,1.0
rzomchen,0,1,1.0
s.watson_____,0,0,0.0
salary1122k,0,0,0.0
sally112014,0,1,1.0
samantasifuentes_,0,0,0.0
sammm.060,0,0,0.0
samwang0923,0,0,0.0
sara0911ap,1,1,1.0
schumichen9,0,0,0.0
sd124573,0,1,1.0
sean_ak41,0,0,0.0
sean_la_rapsodia,0,1,1.0
seiya_17storm,1,1,1.0
serendipitywildrose,0,0,0.0
serien19_,0,0,0.0
seuuulin_0213_,1,1,1.0
seventy._.1121,0,0,0.0
shan_min33,1,0,0.0
shark0920,0,1,1.0
sharolcalvo,0,1,1.0
shhh.hh6753,0,0,0.0
shin.526,1,1,1.0
shin_11.17,0,1,1.0
shl_0501,0,1,1.0
shuo_0688,0,1,1.0
shxbeiz,1,1,1.0
siang_981106,0,0,0.0
siixz.__,0,1,1.0
sin__0120,0,1,1.0
sinitai12313,1,1,1.0
sk2_mei,0,0,0.0
skxj_0_0,1,1,1.0
smzzzzzw,1,1,1.0
snowstar95,0,0,0.0
sol_sanabria.222,0,1,1.0
solunfake,1,1,1.0
sorokatuzyosi,1,1,1.0
spainann,0,0,0.0
stanley_09.19,0,1,1.0
star851026,1,1,1.0
stil.lhereti1oneday,1,1,1.0
student_lai_photo,0,0,0.0
sty._.0627,1,1,1.0
sunshine_10697,1,1,1.0
sweetie._.kaitlyn,0,1,1.0
sxy.04_,0,1,1.0
sy._.0428,0,1,1.0
sylolo11,1,1,1.0
t_w_y._,0,0,0.0
takoxo,1,1,1.0
tchong107,0,0,0.0
terry_chien,0,1,1.0
tfgrc31_xnn,1,1,1.0
thomson_1103_,0,1,1.0
timmyhu,0,0,0.0
tinyteeart,0,0,0.0
tkng0407,1,1,1.0
tomtravis44,0,0,0.0
tongwei_0323,1,1,1.0
trashtalk5620,1,1,1.0
trea.shi,1,1,1.0
tsukareda_,1,1,1.0
tw.hanchi.1450,0,1,1.0
twidtidt,0,1,1.0
ty_ty_so_hot,1,1,1.0
tz.yi_,0,0,0.0
uball._clone,0,1,1.0
uht610224,0,0,0.0
un_.1029,1,1,1.0
uni.cat1031,0,0,0.0
unknown._.passerby,1,1,1.0
unknownstar_0chann,0,1,1.0
uranus.19ly,0,0,0.0
v_jsnn7,1,1,1.0
valac_7262,0,1,1.0
vicano_1222,0,0,0.0
vigil__2026,0,1,1.0
viviwaiter,0,0,0.0
voidx._108,1,1,1.0
w.zq._,0,1,1.0
wei333_0829,0,1,1.0
wen_girl0823,0,1,1.0
wenching315,1,1,1.0
where.column,1,1,1.0
whoiserimi,0,0,0.0
wi.6.12,0,0,0.0
win_seven_1128,1,1,1.0
winnie101988,0,1,1.0
wisdomforlive,1,1,1.0
wish_2033,0,1,1.0
wizzy.e,1,1,1.0
wo_bu.shi_ren,0,1,1.0
wu0829,1,0,0.0
wukongwords,0,1,1.0
wynhwt,0,1,1.0
x_zy.c__,0,0,0.0
xc_11.27,0,1,1.0
xcn.1111,0,1,1.0
xhiiovo,1,1,1.0
xi_o514,0,1,1.0
xing_bing_le,0,1,1.0
xinxin_563,0,0,0.0
xinyu_04.01,1,1,1.0
xj141216,0,1,1.0
xly_1106,1,1,1.0
xoxbancc_,0,1,1.0
xuan._.cyan,0,0,0.0
xuiync,0,1,1.0
xxft_y,0,1,1.0
xyun_0222,1,1,1.0
y._.u93,0,0,0.0
y_yueqi,0,1,1.0
yacbxy,1,1,1.0
yagege_ge,1,0,0.0
yaja_2004e,0,0,0.0
yakac1an,0,1,1.0
yanchiwang,0,0,0.0
yangui_yulunana,1,1,1.0
yanzzly_,0,0,0.0
yc.1127_,0,1,1.0
yechuanlin,0,0,0.0
yeh.yi.ling,0,0,0.0
yennifer.zz,0,0,0.0
yh_02.16,1,1,1.0
yingchiam,1,1,1.0
yinsheng.wang,0,0,0.0
yiyi___0911,0,0,0.0
yiyun3794,0,1,1.0
yklee._,0,0,0.0
ynnep_ccc,0,1,1.0
ynnnn_1oo8,0,1,1.0
ynuuio.0,1,1,1.0
yomiyu0921,0,1,1.0
yongqingzhao,0,0,0.0
york.nothing,0,1,1.0
yoting0129,1,1,1.0
youu_o8,1,1,1.0
yozi_korea,1,0,0.0
yu._.uullll,0,1,1.0
yu_.ily,0,1,1.0
yu_z_15,0,0,0.0
yuchen___017,0,0,0.0
yue.capybara_04,0,1,1.0
yuki_0.0__,0,1,1.0
yun._.4918,1,1,1.0
yun__jia,0,1,1.0
yun__w127,1,1,1.0
yunokiko,0,1,1.0
yunueii,0,0,0.0
yuu_16.15,1,1,1.0
yuunakr,0,1,1.0
ywfactory2318,0,0,0.0
yxx_105,0,1,1.0
yy461_,1,1,1.0
yymgjels,0,0,0.0
yyu_rr07,1,1,1.0
yyun__28,0,1,1.0
yyyyy217721,0,1,1.0
yzhui02,0,0,0.0
z._yxx,1,1,1.0
z2788341577,0,0,0.0
z__y.8.26,0,0,0.0
zap905889,0,1,1.0
zhi_ii5,1,1,1.0
zhu_zhu_987,0,1,1.0
zoe_rou1,1,1,1.0
zrn.cheng_2070,0,0,0.0
zui25.25,1,1,1.0
zuzucurry,0,1,1.0
zvycxi_,0,1,1.0
zzyiqo_,0,1,1.0
zzz_12425,1,1,1.0
zzzi_1211,0,1,1.0
zzzzoro_0,0,1,1.0
